"File","DevelopmentSHA256","EpicSHA256","Equal"
"Ship\Hades2.exe","DB88529B0961C41763413FC676762B9AC05CD22F9547A9305E0B629B30F2EE74","DB88529B0961C41763413FC676762B9AC05CD22F9547A9305E0B629B30F2EE74","True"
"Ship\lua52.dll","B02578A62C6F74A5D3D9246BD18CB4C546E2968BA6557732CCDD5B81FBD2053F","B02578A62C6F74A5D3D9246BD18CB4C546E2968BA6557732CCDD5B81FBD2053F","True"
"Content\Scripts\AchievementData.lua","5B0BB732A8A961B45D284FF2B0A25BBBFF820FEB59EF5AE3A194EB93015F2C68","5B0BB732A8A961B45D284FF2B0A25BBBFF820FEB59EF5AE3A194EB93015F2C68","True"
"Content\Scripts\AchievementLogic.lua","057E0BD8B4F7D7270740EC8C7470C6B5DCBE2D232C6BC7789A4D018AD6516529","057E0BD8B4F7D7270740EC8C7470C6B5DCBE2D232C6BC7789A4D018AD6516529","True"
"Content\Scripts\AllyData.lua","AD323FCB4AD32801DFC07350E523E334660F5BD181C5D4FC08BC85E6F8989C76","AD323FCB4AD32801DFC07350E523E334660F5BD181C5D4FC08BC85E6F8989C76","True"
"Content\Scripts\AmmoLogic.lua","83A0AAC5C994AFE9B338EE9FB5D876436996A7DCF63640A7F11EF2FF90A7482B","83A0AAC5C994AFE9B338EE9FB5D876436996A7DCF63640A7F11EF2FF90A7482B","True"
"Content\Scripts\AudioData.lua","F99B4D9598E6BE466EADBB1CD05D44EDAAE34C158D1F547CA2F01A368FC5A7AB","F99B4D9598E6BE466EADBB1CD05D44EDAAE34C158D1F547CA2F01A368FC5A7AB","True"
"Content\Scripts\AudioLogic.lua","24F1A827D15310FDDB8BF551FDE255537BD7D42242C1D094BB0931189B56A62B","24F1A827D15310FDDB8BF551FDE255537BD7D42242C1D094BB0931189B56A62B","True"
"Content\Scripts\AudioPresentation.lua","B68BFE5950A7A528A185B8159A411F52DCCA8D3C6EF1998B4D70B6B68746D095","B68BFE5950A7A528A185B8159A411F52DCCA8D3C6EF1998B4D70B6B68746D095","True"
"Content\Scripts\BadgeData.lua","540387223E2DDDB546C237784651A56939E02F2E0BABFA6CEAC59EA42CB4B664","540387223E2DDDB546C237784651A56939E02F2E0BABFA6CEAC59EA42CB4B664","True"
"Content\Scripts\BadgeLogic.lua","C4CA8C49EFE883C7B2DA487F54966C75142CC97E7335821816F7CD0A6422C484","C4CA8C49EFE883C7B2DA487F54966C75142CC97E7335821816F7CD0A6422C484","True"
"Content\Scripts\BadgePresentation.lua","7CD7B426E5B2EAED981EC304A3C162A5F5C35BC98444357B8F12D0B4137CE385","7CD7B426E5B2EAED981EC304A3C162A5F5C35BC98444357B8F12D0B4137CE385","True"
"Content\Scripts\BiomeMapPresentation.lua","6CFD39A60181ECEF3FB19C700246166AE8C40EE2494EEEE636CD5611A657D6E2","6CFD39A60181ECEF3FB19C700246166AE8C40EE2494EEEE636CD5611A657D6E2","True"
"Content\Scripts\BiomeStateData.lua","616347A28F8BDFE8A15A52AC2810E96196EF3DF9CBA65AA3DDAD33DC0FD7ED50","616347A28F8BDFE8A15A52AC2810E96196EF3DF9CBA65AA3DDAD33DC0FD7ED50","True"
"Content\Scripts\BiomeStateLogic.lua","14DEF8A4899B9DFF93C35D75151BDC7013DA0BC7745FB216397652CABFCFDB8E","14DEF8A4899B9DFF93C35D75151BDC7013DA0BC7745FB216397652CABFCFDB8E","True"
"Content\Scripts\BiomeStatePresentation.lua","E676D30D31D8A7920138F0FF8D63385E8E1AAF7521C8E8098C6BBB2001B5FEF5","E676D30D31D8A7920138F0FF8D63385E8E1AAF7521C8E8098C6BBB2001B5FEF5","True"
"Content\Scripts\BoonInfoData.lua","0D710CA75B3FA1A38BEE3C279FF6A7D88025DE2BA17EC4BCDA6D1A44EDDE2A1E","0D710CA75B3FA1A38BEE3C279FF6A7D88025DE2BA17EC4BCDA6D1A44EDDE2A1E","True"
"Content\Scripts\BoonInfoLogic.lua","8C15DEE531E00AE64C4643E094698B5D89D6EAB53C29FD22FD782C8B72E1397E","8C15DEE531E00AE64C4643E094698B5D89D6EAB53C29FD22FD782C8B72E1397E","True"
"Content\Scripts\BountyData.lua","FAB4E166A8085B043FBF93D921EFE4B9244316CD41C808781785968E9953CD81","FAB4E166A8085B043FBF93D921EFE4B9244316CD41C808781785968E9953CD81","True"
"Content\Scripts\BountyLogic.lua","CE7B7A9DD00F829995F6A4DAD245D0D9D7A8A914ADAF766FB048506243D508D2","CE7B7A9DD00F829995F6A4DAD245D0D9D7A8A914ADAF766FB048506243D508D2","True"
"Content\Scripts\BountyPresentation.lua","2CFC5D6B534AD630E10E1E574EEF59A4E1DE655170D60EEF30A777BBFE42436A","2CFC5D6B534AD630E10E1E574EEF59A4E1DE655170D60EEF30A777BBFE42436A","True"
"Content\Scripts\CodexData.lua","7CFB3786ACF57F1F56EA15BE6B7C60A9F1051BC7419C7965C1A574906F25B04C","7CFB3786ACF57F1F56EA15BE6B7C60A9F1051BC7419C7965C1A574906F25B04C","True"
"Content\Scripts\CodexLogic.lua","5A17E07D3716A09896646E812A18572476930A0DBA171F0193A627844ACFD7E8","5A17E07D3716A09896646E812A18572476930A0DBA171F0193A627844ACFD7E8","True"
"Content\Scripts\CodexPresentation.lua","A98D5090A1EDAF8AF6E319A140B54A9B4A1E2E1A3B76410262701FC7D84C323A","A98D5090A1EDAF8AF6E319A140B54A9B4A1E2E1A3B76410262701FC7D84C323A","True"
"Content\Scripts\ColorData.lua","5D6D63F5C7EBE6B9CDDEC1F037907DE44329BBED37D83CC4A25DFCAAAEA4077F","5D6D63F5C7EBE6B9CDDEC1F037907DE44329BBED37D83CC4A25DFCAAAEA4077F","True"
"Content\Scripts\CombatLogic.lua","7943650EE3CB38527A72BA616CE751EE0F033643EB10B8A07BF85B35C892962B","7943650EE3CB38527A72BA616CE751EE0F033643EB10B8A07BF85B35C892962B","True"
"Content\Scripts\CombatPresentation.lua","DCBA772B60F58BE2941D9B26A6EFBEE471E9B8F7503E4C57688DA6C621E64F60","DCBA772B60F58BE2941D9B26A6EFBEE471E9B8F7503E4C57688DA6C621E64F60","True"
"Content\Scripts\ConsumableData.lua","798E4527A7D0256628E2B2F2B954CB13DE0C6B10D7A1163EDBD35CF63878F64C","798E4527A7D0256628E2B2F2B954CB13DE0C6B10D7A1163EDBD35CF63878F64C","True"
"Content\Scripts\CosmeticsData.lua","430CF4F1B3AA74BEF08046805D5F114E510A3A45DC93D7C768850314EB3A37A7","430CF4F1B3AA74BEF08046805D5F114E510A3A45DC93D7C768850314EB3A37A7","True"
"Content\Scripts\CosmeticsLogic.lua","B148DCC685C5EDDCF284149FA739FEF0802196D6668D0F3730B2F6759C0A5E57","B148DCC685C5EDDCF284149FA739FEF0802196D6668D0F3730B2F6759C0A5E57","True"
"Content\Scripts\CosmeticsPresentation.lua","94AB8618BC4560599D56F8FB11F2C9E405C61D7BA309D0720FD8BF5285870831","94AB8618BC4560599D56F8FB11F2C9E405C61D7BA309D0720FD8BF5285870831","True"
"Content\Scripts\CostumeData.lua","33C4D2A99E4E8F3DFAA1860E33E563BFF91874284054ABB5C9A921DD0ABA64A9","33C4D2A99E4E8F3DFAA1860E33E563BFF91874284054ABB5C9A921DD0ABA64A9","True"
"Content\Scripts\CostumeLogic.lua","13BC6918E904DB86C9DA5072C69D02FD76E3F583E3E3688231FAE7C86F847C40","13BC6918E904DB86C9DA5072C69D02FD76E3F583E3E3688231FAE7C86F847C40","True"
"Content\Scripts\CostumePresentation.lua","2A526E0EC0F2A867A092B9F7C633C9A23028461CFCCEE48A84BAD60A92D30321","2A526E0EC0F2A867A092B9F7C633C9A23028461CFCCEE48A84BAD60A92D30321","True"
"Content\Scripts\CreditsData.lua","CAC3D7AE6618EF92584F1D4A5A4FB29D1C85D64D5BE142B137004D72A0091028","CAC3D7AE6618EF92584F1D4A5A4FB29D1C85D64D5BE142B137004D72A0091028","True"
"Content\Scripts\DeathLoopData.lua","682BE85F426507AD3BBA35772FBA285B3397FD05544C6BD7CAEDC3F5FC4AEC87","682BE85F426507AD3BBA35772FBA285B3397FD05544C6BD7CAEDC3F5FC4AEC87","True"
"Content\Scripts\DeathLoopLogic.lua","FA778F056D53890439555846B1C8632E1CE4EEB3B489E118BC2B94BD8F8B4838","FA778F056D53890439555846B1C8632E1CE4EEB3B489E118BC2B94BD8F8B4838","True"
"Content\Scripts\Debug.lua","9EC45CA4C629CDB7499F3446A4BEEFED495FDA2469E1CF7A6309EBB78C3DAC26","9EC45CA4C629CDB7499F3446A4BEEFED495FDA2469E1CF7A6309EBB78C3DAC26","True"
"Content\Scripts\DebugData.lua","3C2A68A867B6D4053F32DF4E3B05A8E1C425B479F6E1E443333BF7EF703511F3","3C2A68A867B6D4053F32DF4E3B05A8E1C425B479F6E1E443333BF7EF703511F3","True"
"Content\Scripts\DreamRunLogic.lua","9EF8F27CD8C3D6DC29C2B8F710395776BF600EA13E9C5C08E620DD83ED1E37DA","9EF8F27CD8C3D6DC29C2B8F710395776BF600EA13E9C5C08E620DD83ED1E37DA","True"
"Content\Scripts\DreamRunPresentation.lua","A66D40ED4865995D5FA846285C61B5B57DDCA6F7C020AC406E3549A08A1DD118","A66D40ED4865995D5FA846285C61B5B57DDCA6F7C020AC406E3549A08A1DD118","True"
"Content\Scripts\EffectData.lua","614B9893DE2E9B4FC3CDF75EDAC64E7D6A364C42507F1BC9255F2B8CD66F399F","614B9893DE2E9B4FC3CDF75EDAC64E7D6A364C42507F1BC9255F2B8CD66F399F","True"
"Content\Scripts\EffectLogic.lua","0890D2E21B48DF9F114A114B287A982AEE1761B0F8A5F601EF7D186E60493C5E","0890D2E21B48DF9F114A114B287A982AEE1761B0F8A5F601EF7D186E60493C5E","True"
"Content\Scripts\EffectPresentation.lua","96F7505296F5AAD2960AC4C542187458AF280A57FD33B95594BEA45231EA8F02","96F7505296F5AAD2960AC4C542187458AF280A57FD33B95594BEA45231EA8F02","True"
"Content\Scripts\ElementalPromptScreenData.lua","A148A5CDF3C0AE1A2C9A1D57ADDB95654DCB0531865542D933D9B9E0B5E3409B","A148A5CDF3C0AE1A2C9A1D57ADDB95654DCB0531865542D933D9B9E0B5E3409B","True"
"Content\Scripts\ElementalPromptScreenLogic.lua","75BB117E5215AD34D068C48C28645DA381A819C1F943D888830E7F4E2E9079AA","75BB117E5215AD34D068C48C28645DA381A819C1F943D888830E7F4E2E9079AA","True"
"Content\Scripts\EncounterData_Arachne.lua","D50519FF70E99798E4640FB3E260309012C54F93F13CF8239C342A86BD8EA4C6","D50519FF70E99798E4640FB3E260309012C54F93F13CF8239C342A86BD8EA4C6","True"
"Content\Scripts\EncounterData_Artemis.lua","C3CDF03CF72454367BD47A80D4B2C6E3E331F5DCFCC02FA801F4F525EE418393","C3CDF03CF72454367BD47A80D4B2C6E3E331F5DCFCC02FA801F4F525EE418393","True"
"Content\Scripts\EncounterData_Athena.lua","D37534FFEA42D97147F3352DE915746456100A1C9F09E31C63F20F612531138B","D37534FFEA42D97147F3352DE915746456100A1C9F09E31C63F20F612531138B","True"
"Content\Scripts\EncounterData_Boss.lua","4C1DC17090BC8330E6A85C651B87AEF410C8C39E5321CC32C2277297BF548FFC","4C1DC17090BC8330E6A85C651B87AEF410C8C39E5321CC32C2277297BF548FFC","True"
"Content\Scripts\EncounterData_Challenge.lua","5EECF298C1D3848F593EFFEEFAA340B95705E2DD98695C0080E8190EB1A96F12","5EECF298C1D3848F593EFFEEFAA340B95705E2DD98695C0080E8190EB1A96F12","True"
"Content\Scripts\EncounterData_Devotion.lua","ED5D7F9A8879FA21C92C379AB4A131BCEA2CA42CDB9F675A17A12452FBAACC0A","ED5D7F9A8879FA21C92C379AB4A131BCEA2CA42CDB9F675A17A12452FBAACC0A","True"
"Content\Scripts\EncounterData_Generated.lua","18865D8D04025A089A8DEED9C5B798CEDD8953A8857B25ED54C5D7D3226BFE5B","18865D8D04025A089A8DEED9C5B798CEDD8953A8857B25ED54C5D7D3226BFE5B","True"
"Content\Scripts\EncounterData_Heracles.lua","2AEC69228AD3299C8E1CA82E6F5169BA34097AF5C844560A2C6E79A423252777","2AEC69228AD3299C8E1CA82E6F5169BA34097AF5C844560A2C6E79A423252777","True"
"Content\Scripts\EncounterData_Icarus.lua","D78D1643D0EA6099801CE95F7FC8FB1B8591634916A9771D784D84F04F619090","D78D1643D0EA6099801CE95F7FC8FB1B8591634916A9771D784D84F04F619090","True"
"Content\Scripts\EncounterData_Intro.lua","40533AEEB6FF8E23CF2DA6EC08D33382CFE692EA8617ECE9534F500C4477AEC4","40533AEEB6FF8E23CF2DA6EC08D33382CFE692EA8617ECE9534F500C4477AEC4","True"
"Content\Scripts\EncounterData_MiniBoss.lua","C8C533A424898165058A5672B6A6F0B8814C67F2548682B404B449BA6750BC77","C8C533A424898165058A5672B6A6F0B8814C67F2548682B404B449BA6750BC77","True"
"Content\Scripts\EncounterData_Nemesis.lua","34C233DBB1E08A07E99A63BD2F327E47DDB4E2EBF038B45D058F0B76F4988D55","34C233DBB1E08A07E99A63BD2F327E47DDB4E2EBF038B45D058F0B76F4988D55","True"
"Content\Scripts\EncounterData_Opening.lua","E125509DAABC2A2ACC8A8BAA5424900EFE821E910AD791CBB3FD5A09D7CD9F71","E125509DAABC2A2ACC8A8BAA5424900EFE821E910AD791CBB3FD5A09D7CD9F71","True"
"Content\Scripts\EncounterData_Story.lua","44F58EFF3FE3D68129EA103FB915BB2417F2C498579DB3440512F85938ECACFA","44F58EFF3FE3D68129EA103FB915BB2417F2C498579DB3440512F85938ECACFA","True"
"Content\Scripts\EncounterData_Test.lua","768A751187F340FC29AD1862BEF4BF7E85E91E011947C5F768AAEE1EC8BD162F","768A751187F340FC29AD1862BEF4BF7E85E91E011947C5F768AAEE1EC8BD162F","True"
"Content\Scripts\EncounterData_TimeChallenge.lua","FC04DB104CEBB08D4B8C402E1934ED6D108F21B85E9EB478B6D6BBC497C14EF1","FC04DB104CEBB08D4B8C402E1934ED6D108F21B85E9EB478B6D6BBC497C14EF1","True"
"Content\Scripts\EncounterData_Unique.lua","23D94CB89F4EFC01495832DDBCA3F01CD50990B51F04C4AB9D800E7A380F3949","23D94CB89F4EFC01495832DDBCA3F01CD50990B51F04C4AB9D800E7A380F3949","True"
"Content\Scripts\EncounterData.lua","A6599CD41A29370BFFC10A943E3AF7274130E5138B206F8235D03FC090E1B41D","A6599CD41A29370BFFC10A943E3AF7274130E5138B206F8235D03FC090E1B41D","True"
"Content\Scripts\EncounterLogic.lua","D8F311C081B4F02A893C70441F89C53A26198852DF1A915F97B7C835F4072223","D8F311C081B4F02A893C70441F89C53A26198852DF1A915F97B7C835F4072223","True"
"Content\Scripts\EncounterPresentation.lua","BB0FAAA7B4C37799D2C81066D474117F969345EC271EF80267B6EC37F0040A5A","BB0FAAA7B4C37799D2C81066D474117F969345EC271EF80267B6EC37F0040A5A","True"
"Content\Scripts\EncounterSets.lua","3F8F3BCB59FE0C8205CAFAF7DF28BE168D412B7A3DC5B4256B2B8F7387DFC362","3F8F3BCB59FE0C8205CAFAF7DF28BE168D412B7A3DC5B4256B2B8F7387DFC362","True"
"Content\Scripts\EnemyAILogic.lua","7C663499A13FD3531E751EC4F61FB47D719A8A0569CFBD7B90A9D70BF1AD2647","7C663499A13FD3531E751EC4F61FB47D719A8A0569CFBD7B90A9D70BF1AD2647","True"
"Content\Scripts\EnemyData_AutomatonBeamer.lua","1DC1827A35A5CF88B397298F3FED3E60A7C4ED496A0B8E947DC2D7DDFCC4EA82","1DC1827A35A5CF88B397298F3FED3E60A7C4ED496A0B8E947DC2D7DDFCC4EA82","True"
"Content\Scripts\EnemyData_AutomatonEnforcer.lua","E70D7EDC4D2BF852C2F010383B4A9D5C57FD31AF9B4F5360E42E0B818DC8B3A1","E70D7EDC4D2BF852C2F010383B4A9D5C57FD31AF9B4F5360E42E0B818DC8B3A1","True"
"Content\Scripts\EnemyData_BloodlessGrenadier.lua","0BBFECEEC58764D54CFCC30C5C1D3730F1F1DFBB7A93136D8EBCB433F5B8C7AD","0BBFECEEC58764D54CFCC30C5C1D3730F1F1DFBB7A93136D8EBCB433F5B8C7AD","True"
"Content\Scripts\EnemyData_BloodlessNaked.lua","F5E968F91DF11810A7C072F98ADD82699D200C67D252C46746A3A14F4C20DC92","F5E968F91DF11810A7C072F98ADD82699D200C67D252C46746A3A14F4C20DC92","True"
"Content\Scripts\EnemyData_Boar.lua","E529B2E509417F0BDF6067F4A6102A0C26904A170E441C3D7A6D918F1B9EE8B5","E529B2E509417F0BDF6067F4A6102A0C26904A170E441C3D7A6D918F1B9EE8B5","True"
"Content\Scripts\EnemyData_Brawler.lua","A5D855EABA19E512A12BF599D5675CF6C655DF5DE3F77DC58836D81DA3D1246D","A5D855EABA19E512A12BF599D5675CF6C655DF5DE3F77DC58836D81DA3D1246D","True"
"Content\Scripts\EnemyData_BrokenHearted.lua","B173758213EDC11F7EC7C57B7D29024577BF6D9885C88A2A200C96975FAE2481","B173758213EDC11F7EC7C57B7D29024577BF6D9885C88A2A200C96975FAE2481","True"
"Content\Scripts\EnemyData_Brute.lua","83C490EFAFC4B25D2A8FAE60FDA91B1C6F930976522C0FF7A46EE9D32013A3DB","83C490EFAFC4B25D2A8FAE60FDA91B1C6F930976522C0FF7A46EE9D32013A3DB","True"
"Content\Scripts\EnemyData_Captain.lua","D10EB2B25D1879E96AE2887CBE364142599EE08917B9E8C52258316F32A7CAA4","D10EB2B25D1879E96AE2887CBE364142599EE08917B9E8C52258316F32A7CAA4","True"
"Content\Scripts\EnemyData_Carrion.lua","E4F0F9415217430654CAFDF6D1C277DC502ECB14C7B6417EB2942429CEC0F607","E4F0F9415217430654CAFDF6D1C277DC502ECB14C7B6417EB2942429CEC0F607","True"
"Content\Scripts\EnemyData_Charybdis.lua","338E23AF532CE7398B9B13A721216F13E8A7776017ED605CBAEDD604A55AD84D","338E23AF532CE7398B9B13A721216F13E8A7776017ED605CBAEDD604A55AD84D","True"
"Content\Scripts\EnemyData_Chronos.lua","0DB46AAA3AFDE45FC08372BAEBF48BFBA0FD004160ECA373608A1CEDE25B1C5B","0DB46AAA3AFDE45FC08372BAEBF48BFBA0FD004160ECA373608A1CEDE25B1C5B","True"
"Content\Scripts\EnemyData_ClockworkHeavyMelee.lua","A9AD1FC65A88DD70353F671D310D0511514B5F2D016908779FCEDF7D92F03522","A9AD1FC65A88DD70353F671D310D0511514B5F2D016908779FCEDF7D92F03522","True"
"Content\Scripts\EnemyData_CorruptedShadeLarge.lua","F511639C5129FBAC930F75E04F46C8DA4C44131C91D1C0C3D6E8EDDEFEB52F1F","F511639C5129FBAC930F75E04F46C8DA4C44131C91D1C0C3D6E8EDDEFEB52F1F","True"
"Content\Scripts\EnemyData_CorruptedShadeMedium.lua","EF618C99C2D49E9DABA17E1353659380E4FCDAF0AA62FB36A2DA162BDD3DF615","EF618C99C2D49E9DABA17E1353659380E4FCDAF0AA62FB36A2DA162BDD3DF615","True"
"Content\Scripts\EnemyData_CorruptedShadeSmall.lua","48546DCF0BEC449D6EDD1870FC6A735A49656A03A0548C07781B8DC1EB3FEEC4","48546DCF0BEC449D6EDD1870FC6A735A49656A03A0548C07781B8DC1EB3FEEC4","True"
"Content\Scripts\EnemyData_Crawler.lua","607E866FB51183C095E784139C56EFAEFE1812F7FF845C55207B58301A4F49A4","607E866FB51183C095E784139C56EFAEFE1812F7FF845C55207B58301A4F49A4","True"
"Content\Scripts\EnemyData_DespairElemental.lua","AE35D9BA163E9ABB5620B1BD4ED59724A0DFE9C1C5DEDE4B8B0E80350AA50A72","AE35D9BA163E9ABB5620B1BD4ED59724A0DFE9C1C5DEDE4B8B0E80350AA50A72","True"
"Content\Scripts\EnemyData_Dragon.lua","578CF50E2749A254565F45E9DB5E0F4B5EBAEA001D5E48D58AC9BDB453D4576F","578CF50E2749A254565F45E9DB5E0F4B5EBAEA001D5E48D58AC9BDB453D4576F","True"
"Content\Scripts\EnemyData_DragonBurrower.lua","EE297732A973326BF8305A83C33FA5756E36546A78F350DDE715FF63A76945F3","EE297732A973326BF8305A83C33FA5756E36546A78F350DDE715FF63A76945F3","True"
"Content\Scripts\EnemyData_Drunk.lua","22800A819A42A2F0A70B014C4290949EECCE2089B4C464C21DD3F2076BDF9D70","22800A819A42A2F0A70B014C4290949EECCE2089B4C464C21DD3F2076BDF9D70","True"
"Content\Scripts\EnemyData_Eagle.lua","96CB8948B4EF713FECD0D8BCE853C992FF85BEDCE6547752FE29E7C527DF9AC3","96CB8948B4EF713FECD0D8BCE853C992FF85BEDCE6547752FE29E7C527DF9AC3","True"
"Content\Scripts\EnemyData_EarthElemental.lua","6EDE0A87F155FAA349CBF8E74FC84311D481B50734943E0C639606B15C23841B","6EDE0A87F155FAA349CBF8E74FC84311D481B50734943E0C639606B15C23841B","True"
"Content\Scripts\EnemyData_Eris.lua","FCB5583F4678B2402C0D6C73DE49D1C9A603CA5647D94296810296A98D648176","FCB5583F4678B2402C0D6C73DE49D1C9A603CA5647D94296810296A98D648176","True"
"Content\Scripts\EnemyData_Eyeball.lua","B39E3468BA31F6466E35F18F4528DD440B2996D41F2E64A89538023142A519F9","B39E3468BA31F6466E35F18F4528DD440B2996D41F2E64A89538023142A519F9","True"
"Content\Scripts\EnemyData_FishmanMelee.lua","091C6D64D26EBE47AD6CF44C9AB5986096D1AA31941C83E02A74580AAD8EAD0F","091C6D64D26EBE47AD6CF44C9AB5986096D1AA31941C83E02A74580AAD8EAD0F","True"
"Content\Scripts\EnemyData_FishmanRanged.lua","0589B18948D52AF87617B2054EFCD644488EAE2A0F83C2D6F12C9C433A8EF561","0589B18948D52AF87617B2054EFCD644488EAE2A0F83C2D6F12C9C433A8EF561","True"
"Content\Scripts\EnemyData_FishSwarmer.lua","A32520E3BA2E02C9D8625100B5C98C43382B7CFCE18D6FFDC117EB8CD7F5FA59","A32520E3BA2E02C9D8625100B5C98C43382B7CFCE18D6FFDC117EB8CD7F5FA59","True"
"Content\Scripts\EnemyData_FogEmitter.lua","7F9BF8934A10FC1CB07FB94AE60BF0AAECD241FAC195C72EE827B1CC7F8B9F65","7F9BF8934A10FC1CB07FB94AE60BF0AAECD241FAC195C72EE827B1CC7F8B9F65","True"
"Content\Scripts\EnemyData_GoldElemental.lua","6AF49824C9C085B5AEC4F76AFE50BA29EA5077A4B653305C211B2E7AB46769FA","6AF49824C9C085B5AEC4F76AFE50BA29EA5077A4B653305C211B2E7AB46769FA","True"
"Content\Scripts\EnemyData_Guard.lua","40F51A9EB35F96AC1B545CC13FF0FBF6FCAABD9B6AD439FB41907D4266B0BC9E","40F51A9EB35F96AC1B545CC13FF0FBF6FCAABD9B6AD439FB41907D4266B0BC9E","True"
"Content\Scripts\EnemyData_Harpy.lua","1A07DFCFD3554D6A510BCB6FE83C5148024099FBDDD4A43106D2EF0C34321683","1A07DFCFD3554D6A510BCB6FE83C5148024099FBDDD4A43106D2EF0C34321683","True"
"Content\Scripts\EnemyData_Hecate.lua","4BE88C40B99F0A55F89815DB3CAE23F0411067FA9E82A56086DB9CFA45F6C6D2","4BE88C40B99F0A55F89815DB3CAE23F0411067FA9E82A56086DB9CFA45F6C6D2","True"
"Content\Scripts\EnemyData_Heracles.lua","624C83B10C6969545A0A69307CC8B584F56C88724F6380421B9FE2B3C36ABD30","624C83B10C6969545A0A69307CC8B584F56C88724F6380421B9FE2B3C36ABD30","True"
"Content\Scripts\EnemyData_InfestedCerberus.lua","C0D18E86E8B56442075015739388F69514B0AB96E8B38D084E83BFEC35AEDBEE","C0D18E86E8B56442075015739388F69514B0AB96E8B38D084E83BFEC35AEDBEE","True"
"Content\Scripts\EnemyData_Jellyfish.lua","88DC53490EE681350D13668DF8CF5113961769081C7199E6FB4970F43135E26B","88DC53490EE681350D13668DF8CF5113961769081C7199E6FB4970F43135E26B","True"
"Content\Scripts\EnemyData_Lamia.lua","421BC69450AC755FA0D0A4D2CBEDE7F7B33A98A17A99A685F3371408D60EF021","421BC69450AC755FA0D0A4D2CBEDE7F7B33A98A17A99A685F3371408D60EF021","True"
"Content\Scripts\EnemyData_LightRanged.lua","AD33A9EB7DFFFC15796733226111C38D9CB5033E8214A4231A43F4136ADC1C19","AD33A9EB7DFFFC15796733226111C38D9CB5033E8214A4231A43F4136ADC1C19","True"
"Content\Scripts\EnemyData_Lovesick.lua","B7BE990E8BE66E9DBB15AD4F5D9C66877E45A8332922985CE4721477B40957A2","B7BE990E8BE66E9DBB15AD4F5D9C66877E45A8332922985CE4721477B40957A2","True"
"Content\Scripts\EnemyData_LycanSwarmer.lua","4BD9785FC5854EEC7051C90A8CE57D540CCC9B915D11576F205B4A8C1107B558","4BD9785FC5854EEC7051C90A8CE57D540CCC9B915D11576F205B4A8C1107B558","True"
"Content\Scripts\EnemyData_Lycanthrope.lua","3AD9EBB8625F3E3E0212617A27FE49D5ED1051D679CD76736F30ED75E4A5F0BD","3AD9EBB8625F3E3E0212617A27FE49D5ED1051D679CD76736F30ED75E4A5F0BD","True"
"Content\Scripts\EnemyData_Mage.lua","CC86692DBE1134DE3EAAA241914E5C4900BADC7894BC1B45FF402E554CF35952","CC86692DBE1134DE3EAAA241914E5C4900BADC7894BC1B45FF402E554CF35952","True"
"Content\Scripts\EnemyData_Mati.lua","E5CD5D3C37B7BFDD1BB9281E00FE97E81FAA6EE51A14CED923E965F470ABBBBC","E5CD5D3C37B7BFDD1BB9281E00FE97E81FAA6EE51A14CED923E965F470ABBBBC","True"
"Content\Scripts\EnemyData_Medea.lua","8B0D1833AFD11E862939592C25CCC05F5F016786F86E68AE84A253084D245EDC","8B0D1833AFD11E862939592C25CCC05F5F016786F86E68AE84A253084D245EDC","True"
"Content\Scripts\EnemyData_Mourner.lua","EA438C740E6013C5D45D78D12BC49149CB4DC76EC805A858E40D9C5D4C9A0951","EA438C740E6013C5D45D78D12BC49149CB4DC76EC805A858E40D9C5D4C9A0951","True"
"Content\Scripts\EnemyData_Mudman.lua","6717A2B6F697167EA0E717CE2923F3D01E93AD0A66B480F427E12DC66CC7100F","6717A2B6F697167EA0E717CE2923F3D01E93AD0A66B480F427E12DC66CC7100F","True"
"Content\Scripts\EnemyData_Octofish.lua","B76367BDABF73EA351526C927C37514B5D5751384A74C864FD1B7FB99570A50E","B76367BDABF73EA351526C927C37514B5D5751384A74C864FD1B7FB99570A50E","True"
"Content\Scripts\EnemyData_Pig.lua","300E3FD5417178CA3100FAAB7873406D007D6FDE79E37482A9EDF1AB53B18201","300E3FD5417178CA3100FAAB7873406D007D6FDE79E37482A9EDF1AB53B18201","True"
"Content\Scripts\EnemyData_Polyphemus.lua","9D5805D0607A14F68EBD68C12FC566C26477E1DD13881869F2418A392DA49863","9D5805D0607A14F68EBD68C12FC566C26477E1DD13881869F2418A392DA49863","True"
"Content\Scripts\EnemyData_Prometheus.lua","BF9E68BF90140F0AD73964C86CFFBFC4FE4D57910B11359BCE1EFB1CD15BADED","BF9E68BF90140F0AD73964C86CFFBFC4FE4D57910B11359BCE1EFB1CD15BADED","True"
"Content\Scripts\EnemyData_Radiator.lua","2806A87D13A281C91F881D23509745530163C4732E034B532C5001B655DA9C4B","2806A87D13A281C91F881D23509745530163C4732E034B532C5001B655DA9C4B","True"
"Content\Scripts\EnemyData_SatyrCrossbow.lua","C815500F57EA84E28B692A7F023A599EF1AC9630D1D5EC6F7132EE11CD779F33","C815500F57EA84E28B692A7F023A599EF1AC9630D1D5EC6F7132EE11CD779F33","True"
"Content\Scripts\EnemyData_SatyrCultist.lua","C8F42643C351EC7BA803D102EDF0D001C76FA0C9C9B5B854AD2469D6A3539C52","C8F42643C351EC7BA803D102EDF0D001C76FA0C9C9B5B854AD2469D6A3539C52","True"
"Content\Scripts\EnemyData_SatyrLancer.lua","5763C45B01135F8BFF5ACD4721F127EFC309C42B0684BEEC87FB6D6EBBB2FADD","5763C45B01135F8BFF5ACD4721F127EFC309C42B0684BEEC87FB6D6EBBB2FADD","True"
"Content\Scripts\EnemyData_SatyrRatCatcher.lua","0BB4865D5958A50F2CB12F744AB2C6C1F509BE54A7F515C2021BA63AC487D342","0BB4865D5958A50F2CB12F744AB2C6C1F509BE54A7F515C2021BA63AC487D342","True"
"Content\Scripts\EnemyData_SatyrSapper.lua","EDA7383C30AE3EDC1DBA8E2EB8A830353ED5B54CA1B89F6CCDB9E4E752FED0AB","EDA7383C30AE3EDC1DBA8E2EB8A830353ED5B54CA1B89F6CCDB9E4E752FED0AB","True"
"Content\Scripts\EnemyData_Scimiterror.lua","4D8894B2A6F77A316AD9AFBBC1D9CE028E806644D9BBF3702B0CE1DF611D622B","4D8894B2A6F77A316AD9AFBBC1D9CE028E806644D9BBF3702B0CE1DF611D622B","True"
"Content\Scripts\EnemyData_Screamer.lua","B26BEA706670D90D07CA401BD1963BCDFB1607720CF6A04F9DD12622C5959779","B26BEA706670D90D07CA401BD1963BCDFB1607720CF6A04F9DD12622C5959779","True"
"Content\Scripts\EnemyData_Scylla.lua","A02333A195F78CD40C841A82617C47ABFC73D0D87CEB079C3B7629E1986C2676","A02333A195F78CD40C841A82617C47ABFC73D0D87CEB079C3B7629E1986C2676","True"
"Content\Scripts\EnemyData_SentryBot.lua","B772B390A4808A1DEBF65F64914D2860EF753DEEAFF766374F88938BB5B0A128","B772B390A4808A1DEBF65F64914D2860EF753DEEAFF766374F88938BB5B0A128","True"
"Content\Scripts\EnemyData_Sheep.lua","26CB25DB4A8A39ACD2E74939362ED4C6F9E12C44A063FC1FAB4C0BBB0578A117","26CB25DB4A8A39ACD2E74939362ED4C6F9E12C44A063FC1FAB4C0BBB0578A117","True"
"Content\Scripts\EnemyData_SiegeVine.lua","2EBCAEF53003AEDC82C1B61FE7861116D66739261C45C64F541F7764D26A0F6E","2EBCAEF53003AEDC82C1B61FE7861116D66739261C45C64F541F7764D26A0F6E","True"
"Content\Scripts\EnemyData_Simple.lua","01B0A289BE2F693B0719AC9223D2D7DB734B4C378107EADE31CC6C775A535052","01B0A289BE2F693B0719AC9223D2D7DB734B4C378107EADE31CC6C775A535052","True"
"Content\Scripts\EnemyData_SirenDrummer.lua","F75F387DD3831C9FFFC4CBA0DA3450FE826BE997826656C00E88DC2EB062559E","F75F387DD3831C9FFFC4CBA0DA3450FE826BE997826656C00E88DC2EB062559E","True"
"Content\Scripts\EnemyData_SirenKeytarist.lua","A23637236C6FEF64471FF88C27E49ADA65DDD8339275F65A4D14CCC92DFFB1F1","A23637236C6FEF64471FF88C27E49ADA65DDD8339275F65A4D14CCC92DFFB1F1","True"
"Content\Scripts\EnemyData_Stalker.lua","C886D9C6E83CD51642AF3B495F3AE66A2A5DBE8C369114C2D1C6BB3A7E072ECB","C886D9C6E83CD51642AF3B495F3AE66A2A5DBE8C369114C2D1C6BB3A7E072ECB","True"
"Content\Scripts\EnemyData_Stickler.lua","D74A90D9A89C5A0A92126861618D929AC5FDAE1347B63C8F7747B16595FD190B","D74A90D9A89C5A0A92126861618D929AC5FDAE1347B63C8F7747B16595FD190B","True"
"Content\Scripts\EnemyData_Swab.lua","E146A0BC4108AE8B973956BF4018617DA70742706F5DEDB7659D2BD88AAEA61C","E146A0BC4108AE8B973956BF4018617DA70742706F5DEDB7659D2BD88AAEA61C","True"
"Content\Scripts\EnemyData_Swarmer.lua","36316421E9CA9BED61980A7CCCE30FB2E8850052F23808AD84AE6F082BB6995C","36316421E9CA9BED61980A7CCCE30FB2E8850052F23808AD84AE6F082BB6995C","True"
"Content\Scripts\EnemyData_Talos.lua","923F78876BF826532AA21DC643E86E642D7FC8A9829A96285E0F7B5B90392BB3","923F78876BF826532AA21DC643E86E642D7FC8A9829A96285E0F7B5B90392BB3","True"
"Content\Scripts\EnemyData_Template.lua","CE27F7422E4B826ED169C7D3738B935BBC7A570E498F2F33833F92C363DB316E","CE27F7422E4B826ED169C7D3738B935BBC7A570E498F2F33833F92C363DB316E","True"
"Content\Scripts\EnemyData_TimeElemental.lua","ECCCD2DBBAE96C7363E32C02189C1E67D5DAE915250612F2334F3AE84891D2F9","ECCCD2DBBAE96C7363E32C02189C1E67D5DAE915250612F2334F3AE84891D2F9","True"
"Content\Scripts\EnemyData_Traps.lua","DCC9783AD7CFD45A7D149F7DC4B4E5B5FF1A1FFA1192302765ADDF82E116CF1D","DCC9783AD7CFD45A7D149F7DC4B4E5B5FF1A1FFA1192302765ADDF82E116CF1D","True"
"Content\Scripts\EnemyData_Treant.lua","D93A44DDD8AB5AC420AEC8B4E4E3121791FD4732D0391C4C25A0FB34213C0512","D93A44DDD8AB5AC420AEC8B4E4E3121791FD4732D0391C4C25A0FB34213C0512","True"
"Content\Scripts\EnemyData_Turtle.lua","B4CD66D93A1700950E0579172A3C584C9708E4DDB79A8B78F0211692B30B46C8","B4CD66D93A1700950E0579172A3C584C9708E4DDB79A8B78F0211692B30B46C8","True"
"Content\Scripts\EnemyData_TyphonArm.lua","857CEF13BC490E76EBE5877077F3034E16D189A18854EF3D0A33E492C6EB3702","857CEF13BC490E76EBE5877077F3034E16D189A18854EF3D0A33E492C6EB3702","True"
"Content\Scripts\EnemyData_TyphonEye.lua","B125B261FE60B665548891BE993A613837A1E41A3446FDE90D4DC84C44DE841C","B125B261FE60B665548891BE993A613837A1E41A3446FDE90D4DC84C44DE841C","True"
"Content\Scripts\EnemyData_TyphonHead.lua","9C34B25E014C00C123F5F6890154BF811B67C5BEF059CDDB2594EA1DC2670BC1","9C34B25E014C00C123F5F6890154BF811B67C5BEF059CDDB2594EA1DC2670BC1","True"
"Content\Scripts\EnemyData_TyphonHeadAdd.lua","BD3F40ED738B94250ED4FE759F9D8D5A4EA440EB5B74E22275DFD3CEFEBD7046","BD3F40ED738B94250ED4FE759F9D8D5A4EA440EB5B74E22275DFD3CEFEBD7046","True"
"Content\Scripts\EnemyData_TyphonTail.lua","178AD634149E003FD64D7DEC84E5022E32DA127ECB33F48848042BBD3D92F1C6","178AD634149E003FD64D7DEC84E5022E32DA127ECB33F48848042BBD3D92F1C6","True"
"Content\Scripts\EnemyData_Vampire.lua","AEC610C1CBC10373921078F67F566F416C37C9F36CA3298C9BD4043567977FC7","AEC610C1CBC10373921078F67F566F416C37C9F36CA3298C9BD4043567977FC7","True"
"Content\Scripts\EnemyData_WaterElemental.lua","C23745AE3009D3115968B6580650FD6965F62B5E0966906DC628B117D92F0F53","C23745AE3009D3115968B6580650FD6965F62B5E0966906DC628B117D92F0F53","True"
"Content\Scripts\EnemyData_WaterUnit.lua","6205D63348F8B3E389BDBBD503F50C8872C14D08D6532EE51556550A9053DD77","6205D63348F8B3E389BDBBD503F50C8872C14D08D6532EE51556550A9053DD77","True"
"Content\Scripts\EnemyData_Wisp.lua","D14F2C29C8631CCB38CEB982188DF937E6468F451D99AC398AA9BFC1D85C01CA","D14F2C29C8631CCB38CEB982188DF937E6468F451D99AC398AA9BFC1D85C01CA","True"
"Content\Scripts\EnemyData_Wringer.lua","C3A569108AAAF535E4C91B9EB74FD7154E50910A176F9B4840726DF842E217B4","C3A569108AAAF535E4C91B9EB74FD7154E50910A176F9B4840726DF842E217B4","True"
"Content\Scripts\EnemyData_Zagreus.lua","950F41A28CB54005ECB8E8FE7A82EC36C3C67162857C4DBD599AEE42EA371E42","950F41A28CB54005ECB8E8FE7A82EC36C3C67162857C4DBD599AEE42EA371E42","True"
"Content\Scripts\EnemyData_Zombie.lua","C89380A889D37C3FB803DB9201AB14FC3C037682C9655CCC901E2543A45A3BE3","C89380A889D37C3FB803DB9201AB14FC3C037682C9655CCC901E2543A45A3BE3","True"
"Content\Scripts\EnemyData_ZombieAssassin.lua","73C7D8ABFA423D275347C17E0067DEF9633E71135FB9CD5F0C8221CA87A78842","73C7D8ABFA423D275347C17E0067DEF9633E71135FB9CD5F0C8221CA87A78842","True"
"Content\Scripts\EnemyData_ZombieHeavyRanged.lua","270111E2B3E54E833E5E304C6999112E781FB1B62A4AC85C82E0D8D6BDF637C5","270111E2B3E54E833E5E304C6999112E781FB1B62A4AC85C82E0D8D6BDF637C5","True"
"Content\Scripts\EnemyData_ZombieSpawner.lua","6E6BFD969D135082015F3DF3C6B1E545A68B4F9999FA9325063D10DB659E442F","6E6BFD969D135082015F3DF3C6B1E545A68B4F9999FA9325063D10DB659E442F","True"
"Content\Scripts\EnemyData.lua","4DB89A9F4F6BBCC1D1202C9CF9E8C68A44066CADBAA3DF2C93CF83081A17FD5C","4DB89A9F4F6BBCC1D1202C9CF9E8C68A44066CADBAA3DF2C93CF83081A17FD5C","True"
"Content\Scripts\EnemySets.lua","DE3D7EE875E1557FD789C1736A43278CBEB30EF997EC670A53BAF45F89B95A89","DE3D7EE875E1557FD789C1736A43278CBEB30EF997EC670A53BAF45F89B95A89","True"
"Content\Scripts\EventLogic.lua","94F0CC50E81D4D5CB1C9440942A80669A1015A278CC331EE1C00E0BFF691AEC8","94F0CC50E81D4D5CB1C9440942A80669A1015A278CC331EE1C00E0BFF691AEC8","True"
"Content\Scripts\EventPresentation.lua","8BAD99A6BFF2804A3C7CC4709A375B110B2862A9EAA78911693C90EF273211CF","8BAD99A6BFF2804A3C7CC4709A375B110B2862A9EAA78911693C90EF273211CF","True"
"Content\Scripts\FamiliarCostumeData.lua","9ED2862E48114EC92B2A40E400C3536994B9204C9D2B571167A84223903E586F","9ED2862E48114EC92B2A40E400C3536994B9204C9D2B571167A84223903E586F","True"
"Content\Scripts\FamiliarCostumeLogic.lua","3C8FF6E5330ABF5EF9F489CE187C038AD157A5CB27227E817DCB725A8FF560B6","3C8FF6E5330ABF5EF9F489CE187C038AD157A5CB27227E817DCB725A8FF560B6","True"
"Content\Scripts\FamiliarCostumePresentation.lua","C25043802A2BAC83BDDED288CD557D8BA7E5C9676EFD92CEE55D511675D4EDDA","C25043802A2BAC83BDDED288CD557D8BA7E5C9676EFD92CEE55D511675D4EDDA","True"
"Content\Scripts\FamiliarData.lua","5A8E079C729DDF2D4F756FD4A5F1938466265174A33968C3A9D80F7F512D37B3","5A8E079C729DDF2D4F756FD4A5F1938466265174A33968C3A9D80F7F512D37B3","True"
"Content\Scripts\FamiliarLogic.lua","97F62D6815C55C89AA55129F582C07855D3821768C2534853CDC1B182FFF25AE","97F62D6815C55C89AA55129F582C07855D3821768C2534853CDC1B182FFF25AE","True"
"Content\Scripts\FamiliarPresentation.lua","5D1981EC369C687A6E2596E492B8132F46C232AA5BDA0B7C0E601CA1982D3004","5D1981EC369C687A6E2596E492B8132F46C232AA5BDA0B7C0E601CA1982D3004","True"
"Content\Scripts\FamiliarShopData.lua","6F2BD1C0B219ADC8B336D4A788B090ADCD6000AF4C0235D498D3C2A2E36177B0","6F2BD1C0B219ADC8B336D4A788B090ADCD6000AF4C0235D498D3C2A2E36177B0","True"
"Content\Scripts\FamiliarShopLogic.lua","7669F18A5906F156AEAB2D6206D7716FA58D29A98D4D3BEB8C7F872B55212EFF","7669F18A5906F156AEAB2D6206D7716FA58D29A98D4D3BEB8C7F872B55212EFF","True"
"Content\Scripts\FamiliarShopPresentation.lua","A8898CED65C44BDB4E4A040D72E2411ACF6D1914153FCC8A757D61D3EC5BE86C","A8898CED65C44BDB4E4A040D72E2411ACF6D1914153FCC8A757D61D3EC5BE86C","True"
"Content\Scripts\FlashbackPresentation.lua","CA5E41532A30E7B3805C17CD786D02CDA52390559914EB253AFA4AE5359DE01C","CA5E41532A30E7B3805C17CD786D02CDA52390559914EB253AFA4AE5359DE01C","True"
"Content\Scripts\GamePhaseData.lua","B942BCDA3B0647E28AE7EF9621769550559BFEC038CF20C7D273E95D43B4A620","B942BCDA3B0647E28AE7EF9621769550559BFEC038CF20C7D273E95D43B4A620","True"
"Content\Scripts\GameStatsData.lua","D88C5A31C132F9F042EC1D5A363A5554E2F4398BF12AD3895557028CA1386116","D88C5A31C132F9F042EC1D5A363A5554E2F4398BF12AD3895557028CA1386116","True"
"Content\Scripts\GameStatsLogic.lua","F42AC8081306448E3E6A880E9EEA4195DBD4BDF3DC652355B6A9433D6D97C016","F42AC8081306448E3E6A880E9EEA4195DBD4BDF3DC652355B6A9433D6D97C016","True"
"Content\Scripts\GameStatsPresentation.lua","93DEE8FDA84C6405DD8ACEB3FA34BC08D8A8C122B6165C62AE0BDF8D810E95FC","93DEE8FDA84C6405DD8ACEB3FA34BC08D8A8C122B6165C62AE0BDF8D810E95FC","True"
"Content\Scripts\GardenData.lua","D7B1789C4064EE2F0FE42852ABF7C847BCA34BA2084D2B7D915E19953D2FEE12","D7B1789C4064EE2F0FE42852ABF7C847BCA34BA2084D2B7D915E19953D2FEE12","True"
"Content\Scripts\GardenLogic.lua","B5203E62B181584880FF3DC6AEF510C3042DF8C43F5957F82B8E191AF68F82FD","B5203E62B181584880FF3DC6AEF510C3042DF8C43F5957F82B8E191AF68F82FD","True"
"Content\Scripts\GardenPresentation.lua","B02654B985BE95D539A60B2DE82736C3B05E4FB4761383DFB17AEA86F966862D","B02654B985BE95D539A60B2DE82736C3B05E4FB4761383DFB17AEA86F966862D","True"
"Content\Scripts\GhostAdminData_Items.lua","BB84E1AF00AA15300FC60EB521F9AC6AF4C9436CD45EC0193737E26AE4F54D2A","BB84E1AF00AA15300FC60EB521F9AC6AF4C9436CD45EC0193737E26AE4F54D2A","True"
"Content\Scripts\GhostAdminData.lua","529558A50C892476647E7D2FFD941481650C014A7CF4119F626CA25CA4426389","529558A50C892476647E7D2FFD941481650C014A7CF4119F626CA25CA4426389","True"
"Content\Scripts\GhostAdminLogic.lua","C0344BBDACFAE2EB5E8711B9DA36CD70869415DA209124E39FA7813DAB6A5CF3","C0344BBDACFAE2EB5E8711B9DA36CD70869415DA209124E39FA7813DAB6A5CF3","True"
"Content\Scripts\GhostAdminPresentation.lua","C352FCAFA67382E81B9DC71A290AE9CD7ED9988D1C22408DAFFDE4AFD10CEA91","C352FCAFA67382E81B9DC71A290AE9CD7ED9988D1C22408DAFFDE4AFD10CEA91","True"
"Content\Scripts\GhostData.lua","EAFC1014B5380F287482DFFC186AF3CECBE9EB55AF51ED008A2D944C23B84A0A","EAFC1014B5380F287482DFFC186AF3CECBE9EB55AF51ED008A2D944C23B84A0A","True"
"Content\Scripts\GhostLogic.lua","4D71791CCC57B1E6BA00145F864FB1FC1BDFDF95CD15E6D3E8112F762630063B","4D71791CCC57B1E6BA00145F864FB1FC1BDFDF95CD15E6D3E8112F762630063B","True"
"Content\Scripts\GiftLogic.lua","B08EFE43B6BEB0F5BF621AF8937E2CCCDEAD8E46ECA8CFD00D2D00150BBB3964","B08EFE43B6BEB0F5BF621AF8937E2CCCDEAD8E46ECA8CFD00D2D00150BBB3964","True"
"Content\Scripts\GiftPresentation.lua","B8DA4C9D314B843707E1BF2EA85CFB1B84DC28534126874BD7FB5F704993D7AC","B8DA4C9D314B843707E1BF2EA85CFB1B84DC28534126874BD7FB5F704993D7AC","True"
"Content\Scripts\HarvestData.lua","764D78D02EBED5D761A98ECB699C3F3CE2161968C7E007AAB378231C465E0578","764D78D02EBED5D761A98ECB699C3F3CE2161968C7E007AAB378231C465E0578","True"
"Content\Scripts\HarvestLogic.lua","3C92E790A5E585769E88ECD4DD3D37C9F73B6129532640FE5CFBEBF781987B70","3C92E790A5E585769E88ECD4DD3D37C9F73B6129532640FE5CFBEBF781987B70","True"
"Content\Scripts\HarvestPresentation.lua","C15F33964BE0F8A9218C82E8C3963AA0E68687AB537EA18232CFA3FA8A9E2A7C","C15F33964BE0F8A9218C82E8C3963AA0E68687AB537EA18232CFA3FA8A9E2A7C","True"
"Content\Scripts\HealthLogic.lua","0F943787A78B4DA95123409854A772EC6EA1FA29F4A509240020A606BA84655A","0F943787A78B4DA95123409854A772EC6EA1FA29F4A509240020A606BA84655A","True"
"Content\Scripts\HeroData.lua","EF786FCAFCC178C88BB4B6E7080C613F651B64DF71A968DB50082C6E6FC9D50C","EF786FCAFCC178C88BB4B6E7080C613F651B64DF71A968DB50082C6E6FC9D50C","True"
"Content\Scripts\HubPresentation.lua","5415582F5E0B9051F1AE43BF047D2A8C7390EEA53E31AE8AD6FCF4DAA4279FF9","5415582F5E0B9051F1AE43BF047D2A8C7390EEA53E31AE8AD6FCF4DAA4279FF9","True"
"Content\Scripts\HUDData.lua","038E8ED28EB646F22CC07A70D874D0C5C309844C77FD7D4B871F7D2A963976E6","038E8ED28EB646F22CC07A70D874D0C5C309844C77FD7D4B871F7D2A963976E6","True"
"Content\Scripts\HUDLogic.lua","D52022D6DB02823848136F2EA651CBA57904B72B35741038952E011621504FFB","D52022D6DB02823848136F2EA651CBA57904B72B35741038952E011621504FFB","True"
"Content\Scripts\InteractLogic.lua","DA50CB72BCF80855DE627930A0745F21ABCA22C4744A5FFB53C21553F9E7B584","DA50CB72BCF80855DE627930A0745F21ABCA22C4744A5FFB53C21553F9E7B584","True"
"Content\Scripts\InteractPresentation.lua","DE0609A87D65F43AFBFBCA31FC494AC3838CF13569A71FC33969105DD1176DFC","DE0609A87D65F43AFBFBCA31FC494AC3838CF13569A71FC33969105DD1176DFC","True"
"Content\Scripts\KeepsakeData.lua","244F8729C60215740FA5C8BF58BBEA434BE9D444421FBC7555485D2D6CD675AF","244F8729C60215740FA5C8BF58BBEA434BE9D444421FBC7555485D2D6CD675AF","True"
"Content\Scripts\KeepsakeLogic.lua","35137290593556B6A360861CA437F28AD363DF59563300519B25C0E082B9790B","35137290593556B6A360861CA437F28AD363DF59563300519B25C0E082B9790B","True"
"Content\Scripts\KeywordData.lua","9DCD0100144DA3CC9D5F1A8A5E1CAF6CBD99AFC48CBD7D9BA93B23412F9A1FFB","9DCD0100144DA3CC9D5F1A8A5E1CAF6CBD99AFC48CBD7D9BA93B23412F9A1FFB","True"
"Content\Scripts\LocalizationLogic.lua","5768156BD95E7FA729E1C0C1EC37052944D4C1EC346157FF71DF60F89E3D7938","5768156BD95E7FA729E1C0C1EC37052944D4C1EC346157FF71DF60F89E3D7938","True"
"Content\Scripts\LootData_Aphrodite.lua","2C788B4548703BE9200378675D30221F817A79FFAEB077E9C4427E2C1E3B1C60","2C788B4548703BE9200378675D30221F817A79FFAEB077E9C4427E2C1E3B1C60","True"
"Content\Scripts\LootData_Apollo.lua","5C4FF32F6F94384B2C7B95301F07043B0485929D18CBD6EAAA3A19DE4D585F68","5C4FF32F6F94384B2C7B95301F07043B0485929D18CBD6EAAA3A19DE4D585F68","True"
"Content\Scripts\LootData_Ares.lua","945ECCD8DC97B7204C06BFB9D06D37605713D49597333AB03DA9279FC130826A","945ECCD8DC97B7204C06BFB9D06D37605713D49597333AB03DA9279FC130826A","True"
"Content\Scripts\LootData_Chaos.lua","63D8EA3839D5E585ADE60ED2DD8ABA2EAE42D4C2A48743E69495906D83773FE4","63D8EA3839D5E585ADE60ED2DD8ABA2EAE42D4C2A48743E69495906D83773FE4","True"
"Content\Scripts\LootData_Demeter.lua","DE585B155570ED1CEC103E4AB44C469212198881A54584AA2C517AEF2DCCC3A2","DE585B155570ED1CEC103E4AB44C469212198881A54584AA2C517AEF2DCCC3A2","True"
"Content\Scripts\LootData_Hephaestus.lua","A40A74FD8A74D0479DA55DFA7D6EE7BFA32AF4050428205FB11BF7BFFABD3366","A40A74FD8A74D0479DA55DFA7D6EE7BFA32AF4050428205FB11BF7BFFABD3366","True"
"Content\Scripts\LootData_Hera.lua","4BC80113EBA515AD0719FA8539B27AAC13C4A5EC6794EF43A6B696EB58D7F226","4BC80113EBA515AD0719FA8539B27AAC13C4A5EC6794EF43A6B696EB58D7F226","True"
"Content\Scripts\LootData_Hermes.lua","52F9847A0F394B5B465CD22D7C774FD6917FEF4295E90733332EFD430C602484","52F9847A0F394B5B465CD22D7C774FD6917FEF4295E90733332EFD430C602484","True"
"Content\Scripts\LootData_Hestia.lua","E711F06F34BD6B7078E52A4EB9883D94439026B98366863782F17A40CC87B260","E711F06F34BD6B7078E52A4EB9883D94439026B98366863782F17A40CC87B260","True"
"Content\Scripts\LootData_Poseidon.lua","465F6800FA00E038992F8B86D8F2AD66E676538AA481A2ECE6D28B3372B1B8CB","465F6800FA00E038992F8B86D8F2AD66E676538AA481A2ECE6D28B3372B1B8CB","True"
"Content\Scripts\LootData_Selene.lua","93735C4F3EB41C0D5159A71354287C3DFE575308F55E68145D52A1953CF2A276","93735C4F3EB41C0D5159A71354287C3DFE575308F55E68145D52A1953CF2A276","True"
"Content\Scripts\LootData_Zeus.lua","1AD4009C6A6AF0DBC5F8B224A40002096B4DFE19879AB4510747E5C5A21ECED4","1AD4009C6A6AF0DBC5F8B224A40002096B4DFE19879AB4510747E5C5A21ECED4","True"
"Content\Scripts\LootData.lua","64D50A847E193C2F6602493ACB956820C7B3EE44DE8D074043E03C25320000A2","64D50A847E193C2F6602493ACB956820C7B3EE44DE8D074043E03C25320000A2","True"
"Content\Scripts\MailboxData.lua","037F766852431145C47A2F03FF98405D4D177D8CB500A69CE87F8F8478EC8CBB","037F766852431145C47A2F03FF98405D4D177D8CB500A69CE87F8F8478EC8CBB","True"
"Content\Scripts\MailboxLogic.lua","26944D13055A0C5AF70315D0B329FF13A8A7852FCDEC1ED6432B56CBAAB37BEE","26944D13055A0C5AF70315D0B329FF13A8A7852FCDEC1ED6432B56CBAAB37BEE","True"
"Content\Scripts\MailboxPresentation.lua","A83EBC16E7993DEDFFF123C85AC02C12761343B29AA498B7CFD1B49290394294","A83EBC16E7993DEDFFF123C85AC02C12761343B29AA498B7CFD1B49290394294","True"
"Content\Scripts\Main.lua","CC64A8D7838CF60198D20E8D3C33D7B7792430BC4D86E700CA54925D122D236C","CC64A8D7838CF60198D20E8D3C33D7B7792430BC4D86E700CA54925D122D236C","True"
"Content\Scripts\ManaData.lua","6B5F84739C948E7BAB6C98C359B47F687B9009B35F4C5E5EF854C63BD08A2AE1","6B5F84739C948E7BAB6C98C359B47F687B9009B35F4C5E5EF854C63BD08A2AE1","True"
"Content\Scripts\ManaLogic.lua","4A8C46B75971085C1334957AAFE6CC47A123007E29974870058A14944FD83D9A","4A8C46B75971085C1334957AAFE6CC47A123007E29974870058A14944FD83D9A","True"
"Content\Scripts\ManaPresentation.lua","2ADC9A41444E402FB5258DDFC0CBC88F244D36765C4AAA23ACD4DB53A74C44CD","2ADC9A41444E402FB5258DDFC0CBC88F244D36765C4AAA23ACD4DB53A74C44CD","True"
"Content\Scripts\MarketData.lua","1AC6232416251160567E50F94163F12DAF4B1FD141CD0320704E3409E8BBC404","1AC6232416251160567E50F94163F12DAF4B1FD141CD0320704E3409E8BBC404","True"
"Content\Scripts\MarketLogic.lua","BD4C6E70B99BF4A8A3625F83580EBC9A567F36A0F78364FF003AFCD4CD8007D2","BD4C6E70B99BF4A8A3625F83580EBC9A567F36A0F78364FF003AFCD4CD8007D2","True"
"Content\Scripts\MarketPresentation.lua","CE41D56262FD70D710A38D24E00FA17173A7103568DCF58E8521BE1785ED61E0","CE41D56262FD70D710A38D24E00FA17173A7103568DCF58E8521BE1785ED61E0","True"
"Content\Scripts\MarketPromptScreenData.lua","CCF2405E3745397662BB719A0A70E49435A7F55221CF0D54FCEFAFB75B8F2815","CCF2405E3745397662BB719A0A70E49435A7F55221CF0D54FCEFAFB75B8F2815","True"
"Content\Scripts\MarketPromptScreenLogic.lua","85C552198AD75EB0C57054A95A309FD78BBE1A5F1D69457EFC76529282523FF0","85C552198AD75EB0C57054A95A309FD78BBE1A5F1D69457EFC76529282523FF0","True"
"Content\Scripts\MetaUpgradeCardPromptScreenData.lua","59C04F8806EFD7F756BB368C840BDB44517CA2E2370739FCD1ACCB6140417636","59C04F8806EFD7F756BB368C840BDB44517CA2E2370739FCD1ACCB6140417636","True"
"Content\Scripts\MetaUpgradeCardPromptScreenLogic.lua","A93C8EA9300AC14C9EAD10FBD75FF52CDF4EABF34DB23ECF0F318CBF774539BE","A93C8EA9300AC14C9EAD10FBD75FF52CDF4EABF34DB23ECF0F318CBF774539BE","True"
"Content\Scripts\MetaUpgradeCardScreenData.lua","BB5008F2AF72C4187EBF55F841320A8ED90E0F13DA8B829424948FECD0A0C24F","BB5008F2AF72C4187EBF55F841320A8ED90E0F13DA8B829424948FECD0A0C24F","True"
"Content\Scripts\MetaUpgradeCardScreenLogic.lua","228AD33A9EF71AF6142109AFD6105C3B599759EE600DF12DD638BA2B33F41752","228AD33A9EF71AF6142109AFD6105C3B599759EE600DF12DD638BA2B33F41752","True"
"Content\Scripts\MetaUpgradeCardScreenPresentation.lua","82A45A243B0C7344CAE6E96C1B3C0692A863663809CD38D26A23AFACC6CFC4F3","82A45A243B0C7344CAE6E96C1B3C0692A863663809CD38D26A23AFACC6CFC4F3","True"
"Content\Scripts\MetaUpgradeCardUpgradeScreenData.lua","8F45ADE2118E5C1F1F23EA98B6B3E2D698EEE07D0E14179B86051C1C5EFBB22A","8F45ADE2118E5C1F1F23EA98B6B3E2D698EEE07D0E14179B86051C1C5EFBB22A","True"
"Content\Scripts\MetaUpgradeCardUpgradeScreenLogic.lua","D65BE170CF0DCC4C2010139895B877DD2B21A01E21B05251EBF2B791E8EA1EAA","D65BE170CF0DCC4C2010139895B877DD2B21A01E21B05251EBF2B791E8EA1EAA","True"
"Content\Scripts\MetaUpgradeData.lua","9023E35C8F74E466AEBA8287F618BB439000CA93E9D8A5EDED7ABE0F1A2882B5","9023E35C8F74E466AEBA8287F618BB439000CA93E9D8A5EDED7ABE0F1A2882B5","True"
"Content\Scripts\MetaUpgradeLogic.lua","BAEF38AB67722B48D54422F551E54FB5FEFB861E5A1CE7B39C98852015F4EA27","BAEF38AB67722B48D54422F551E54FB5FEFB861E5A1CE7B39C98852015F4EA27","True"
"Content\Scripts\MetaUpgrades.lua","20BA9859F627A8532465C4A4E72F57040E170277D594F6BE831236E88DC366B6","20BA9859F627A8532465C4A4E72F57040E170277D594F6BE831236E88DC366B6","True"
"Content\Scripts\MusicData.lua","210C17BC51D7C3196595DD1A70F6EE06F58A323C023213975AFEEE95DF071E72","210C17BC51D7C3196595DD1A70F6EE06F58A323C023213975AFEEE95DF071E72","True"
"Content\Scripts\MusicPlayerData.lua","7B2B814E942587EDECB722C4F8EA48035DD0DEBB73D34A27FF23A8EF9EC07C14","7B2B814E942587EDECB722C4F8EA48035DD0DEBB73D34A27FF23A8EF9EC07C14","True"
"Content\Scripts\MusicPlayerLogic.lua","5047E8416C09809B086A1514A56FD32C64B4FDDDB1384BA7802B4350A46CBE2A","5047E8416C09809B086A1514A56FD32C64B4FDDDB1384BA7802B4350A46CBE2A","True"
"Content\Scripts\MusicPlayerPresentation.lua","93527D6D3251422C75CF2997AF398AA86EFEBE9DF0B8C31E84938F7C9A638775","93527D6D3251422C75CF2997AF398AA86EFEBE9DF0B8C31E84938F7C9A638775","True"
"Content\Scripts\NarrativeData.lua","94494ED7A04A2A22AF26621DAB8CD17DCEB78C401215F24F1DB236FFC8EBE29B","94494ED7A04A2A22AF26621DAB8CD17DCEB78C401215F24F1DB236FFC8EBE29B","True"
"Content\Scripts\NarrativeLogic.lua","FCA2790A6104FB2F28E625FE4C8BB0DFB2CDEB4D5F93CF82842019C6D184F02C","FCA2790A6104FB2F28E625FE4C8BB0DFB2CDEB4D5F93CF82842019C6D184F02C","True"
"Content\Scripts\NPCData_Arachne.lua","97877939610096BD9E816AE28CA2667FD172519F1124CD8DF9345ABA937136F7","97877939610096BD9E816AE28CA2667FD172519F1124CD8DF9345ABA937136F7","True"
"Content\Scripts\NPCData_Artemis.lua","3A1CB7A56DAD875C9959244D9D73439073515DCE6884E871341BFD5C6B2793C6","3A1CB7A56DAD875C9959244D9D73439073515DCE6884E871341BFD5C6B2793C6","True"
"Content\Scripts\NPCData_Athena.lua","3AB70AFEA115BB62BB7F839FE5F6D4F5A5C1760B227B5AA94817DF9073FCA3F5","3AB70AFEA115BB62BB7F839FE5F6D4F5A5C1760B227B5AA94817DF9073FCA3F5","True"
"Content\Scripts\NPCData_Charon.lua","8F47F4215FC0E9EA10C77893BAD3B5DD7C5F7FC5ACF075F7FD1ADEBCDED9023D","8F47F4215FC0E9EA10C77893BAD3B5DD7C5F7FC5ACF075F7FD1ADEBCDED9023D","True"
"Content\Scripts\NPCData_Chronos.lua","24E771A8EB50059EC1ADFF03E1126F715125C989277B1F825D0F8093DBA5E258","24E771A8EB50059EC1ADFF03E1126F715125C989277B1F825D0F8093DBA5E258","True"
"Content\Scripts\NPCData_Circe.lua","955B0BA52AC200D65A9765A97E90D174BDBC8178D7757D898AEE78081272376B","955B0BA52AC200D65A9765A97E90D174BDBC8178D7757D898AEE78081272376B","True"
"Content\Scripts\NPCData_Dionysus.lua","6A275033C9B6DB090D7645D39EFF957C256EB5B19D78596A7C5E7B64225F17FC","6A275033C9B6DB090D7645D39EFF957C256EB5B19D78596A7C5E7B64225F17FC","True"
"Content\Scripts\NPCData_Dora.lua","EE8B9BC242A0B2C2982727D15139847881BA81197A043C4ECB4E0B882379938E","EE8B9BC242A0B2C2982727D15139847881BA81197A043C4ECB4E0B882379938E","True"
"Content\Scripts\NPCData_Echo.lua","8EBFD6A9CD2C12D43DEE33898941CE83DDBB24475D69D9EFBB6C2BE752DCA243","8EBFD6A9CD2C12D43DEE33898941CE83DDBB24475D69D9EFBB6C2BE752DCA243","True"
"Content\Scripts\NPCData_Eris.lua","2CBB1CB203D5613C2FF0165EA10DA13224B7258ADFED18C27A371132C117609D","2CBB1CB203D5613C2FF0165EA10DA13224B7258ADFED18C27A371132C117609D","True"
"Content\Scripts\NPCData_Hades.lua","C9AD56DC42C5286E247E100B6E1D25B0EA75AB02ECE7EF590ACF86FB3E32BF9D","C9AD56DC42C5286E247E100B6E1D25B0EA75AB02ECE7EF590ACF86FB3E32BF9D","True"
"Content\Scripts\NPCData_Hecate.lua","622D51643A23AF55414820BD9614DFB80DBB79FB8AA073F5229A078EFBE73D84","622D51643A23AF55414820BD9614DFB80DBB79FB8AA073F5229A078EFBE73D84","True"
"Content\Scripts\NPCData_Heracles.lua","443279D16C758EBA38D306785ACE68004CB28CBE1E164AEA1B236A0CFF1C8947","443279D16C758EBA38D306785ACE68004CB28CBE1E164AEA1B236A0CFF1C8947","True"
"Content\Scripts\NPCData_Hermes.lua","BEB33319A4A1C317960EFE727F8439FB5F29627F912C004740DD7E0070C0F1FA","BEB33319A4A1C317960EFE727F8439FB5F29627F912C004740DD7E0070C0F1FA","True"
"Content\Scripts\NPCData_Hypnos.lua","DFB4754411E152F3815140BE449AA848AA11368F4B6B159768AC70885BFAD786","DFB4754411E152F3815140BE449AA848AA11368F4B6B159768AC70885BFAD786","True"
"Content\Scripts\NPCData_Icarus.lua","87AFE931DE71D79DDEF07A4574CB8E31731A86B28350F009F903BF18FBBDEEB0","87AFE931DE71D79DDEF07A4574CB8E31731A86B28350F009F903BF18FBBDEEB0","True"
"Content\Scripts\NPCData_Medea.lua","2985CC7531E2EBE6C0AA067D418B18FF74946C285A68A5703F3805F88CF84978","2985CC7531E2EBE6C0AA067D418B18FF74946C285A68A5703F3805F88CF84978","True"
"Content\Scripts\NPCData_Moros.lua","C03F240DDD569B9215C51A10A9702F93963AB9CB6298A206088A7C069F4F380D","C03F240DDD569B9215C51A10A9702F93963AB9CB6298A206088A7C069F4F380D","True"
"Content\Scripts\NPCData_Narcissus.lua","55587025A285307F4B04071BD28A9D5A42AAA1133C1764EA0580A997D8C01019","55587025A285307F4B04071BD28A9D5A42AAA1133C1764EA0580A997D8C01019","True"
"Content\Scripts\NPCData_Nemesis.lua","C3B2469529D278073ADBD75FCBCEC67DB851F72491CB61CC97ADAB470DC0EE60","C3B2469529D278073ADBD75FCBCEC67DB851F72491CB61CC97ADAB470DC0EE60","True"
"Content\Scripts\NPCData_Odysseus.lua","73DB48D00A8F1BAF79D0013ADFC28798A1953A8168AF3E08419D6DF74A7ECCBF","73DB48D00A8F1BAF79D0013ADFC28798A1953A8168AF3E08419D6DF74A7ECCBF","True"
"Content\Scripts\NPCData_Selene.lua","2D3E934A9E51CF3038F74B0022B47E2B6008E02CC7022421C31784A8A64066E8","2D3E934A9E51CF3038F74B0022B47E2B6008E02CC7022421C31784A8A64066E8","True"
"Content\Scripts\NPCData_Skelly.lua","D0D7418BA6FE540E28657DAC6289E8EB1A938A3BA580401910B834FC85668C0A","D0D7418BA6FE540E28657DAC6289E8EB1A938A3BA580401910B834FC85668C0A","True"
"Content\Scripts\NPCData.lua","494A278163E4B55E95D3479747A339C94C79FA9B098BC43E05167857F990DB33","494A278163E4B55E95D3479747A339C94C79FA9B098BC43E05167857F990DB33","True"
"Content\Scripts\ObjectiveData.lua","E635EF5C05BA8A22E4AF4ED3D4290EC20D31C0BD95C1AFF9E8B1AC828940C816","E635EF5C05BA8A22E4AF4ED3D4290EC20D31C0BD95C1AFF9E8B1AC828940C816","True"
"Content\Scripts\ObjectiveLogic.lua","4C5CC854F2D41EE8F677F2B41FD7A4761B85D83BA7727DA71597F0686C4BCD6C","4C5CC854F2D41EE8F677F2B41FD7A4761B85D83BA7727DA71597F0686C4BCD6C","True"
"Content\Scripts\ObstacleData.lua","B2C6641E1C0072960807C1E9FA1D718F61B5B77D25C015F8E8D392706E5DC5E3","B2C6641E1C0072960807C1E9FA1D718F61B5B77D25C015F8E8D392706E5DC5E3","True"
"Content\Scripts\ObstacleDataG.lua","D502B7B600CDAAA9EA9CF366FB5B8DE6C6A3CA6D42C5F708CCFBB754D5D9F967","D502B7B600CDAAA9EA9CF366FB5B8DE6C6A3CA6D42C5F708CCFBB754D5D9F967","True"
"Content\Scripts\ObstacleDataH.lua","8332612A0815EAAB27E18289293DBB6099EAC54AAF02EE4C92EECE195D2CFAFC","8332612A0815EAAB27E18289293DBB6099EAC54AAF02EE4C92EECE195D2CFAFC","True"
"Content\Scripts\ObstacleDataI.lua","AE7C0D5B19F87713AB2C0A0DFA3AF30786DF0E48CF5B269C928011FC3652BF80","AE7C0D5B19F87713AB2C0A0DFA3AF30786DF0E48CF5B269C928011FC3652BF80","True"
"Content\Scripts\ObstacleDataN.lua","8D733BE7951BC560F90AB3FF91B86716F8C90E51EDFEB8951797C3067E3D76C0","8D733BE7951BC560F90AB3FF91B86716F8C90E51EDFEB8951797C3067E3D76C0","True"
"Content\Scripts\ObstacleDataO.lua","FB83F51997AC2FE025C3A2D9D291F42BA06769299719E21123E017E6B9A613ED","FB83F51997AC2FE025C3A2D9D291F42BA06769299719E21123E017E6B9A613ED","True"
"Content\Scripts\ObstacleDataP.lua","4FCDDC2067C245B9BD6C38BAFB567CC8C4EDD9B9A2B86F1BAF50344DC9D9D403","4FCDDC2067C245B9BD6C38BAFB567CC8C4EDD9B9A2B86F1BAF50344DC9D9D403","True"
"Content\Scripts\ObstacleDataQ.lua","0E1559B7634D4583DE2DD633F4FDDD57B319E2DE4E51D612A1EDD1D571B598EA","0E1559B7634D4583DE2DD633F4FDDD57B319E2DE4E51D612A1EDD1D571B598EA","True"
"Content\Scripts\PatchLogic.lua","2B907595FC188AB0F6B046508CEB1F610AB7BDE9FA565EEE7A397ED68678D612","2B907595FC188AB0F6B046508CEB1F610AB7BDE9FA565EEE7A397ED68678D612","True"
"Content\Scripts\PowersLogic.lua","285E31DA5D73E83A4F2636C9B88CA242F408479FBFB67581D0630F41F73457E0","285E31DA5D73E83A4F2636C9B88CA242F408479FBFB67581D0630F41F73457E0","True"
"Content\Scripts\PowersPresentation.lua","920BDDFFFE94C91334316994C031B86B919526FF1E07745FEC0AB48651D79D21","920BDDFFFE94C91334316994C031B86B919526FF1E07745FEC0AB48651D79D21","True"
"Content\Scripts\PresentationBiomeF.lua","0DC96ACDA184372A3AC2D0FFAE9470EE674057E023796180133267696C2A2F26","0DC96ACDA184372A3AC2D0FFAE9470EE674057E023796180133267696C2A2F26","True"
"Content\Scripts\PresentationBiomeG.lua","925BDBCC24B8510E6FEE10A2D7E2C33E629E71D456031DB60ADC2796855ACA96","925BDBCC24B8510E6FEE10A2D7E2C33E629E71D456031DB60ADC2796855ACA96","True"
"Content\Scripts\PresentationBiomeH.lua","9A094DF5EB41D3577AF493F1B36CFBA4F8247BA375B9E7EB115E9E08002EB462","9A094DF5EB41D3577AF493F1B36CFBA4F8247BA375B9E7EB115E9E08002EB462","True"
"Content\Scripts\PresentationBiomeI.lua","E05FF0B7C0E4AD82DB9ED664594D5A88847014B17C5242D6A34D1396614F236D","E05FF0B7C0E4AD82DB9ED664594D5A88847014B17C5242D6A34D1396614F236D","True"
"Content\Scripts\PresentationBiomeN.lua","9050362545248F6CF22A9D9CFCCE79E6DB5ECC338BB4B8E2FE7ACEB47D16401D","9050362545248F6CF22A9D9CFCCE79E6DB5ECC338BB4B8E2FE7ACEB47D16401D","True"
"Content\Scripts\PresentationBiomeO.lua","FE22C12552CDF20A8738AF77F82D557F28CD16949BA0F6882835BA2FB56F7925","FE22C12552CDF20A8738AF77F82D557F28CD16949BA0F6882835BA2FB56F7925","True"
"Content\Scripts\PresentationBiomeP.lua","D163FADDE1A2E2A51039B74160291DC82793309830153294C940AEE641EA0C62","D163FADDE1A2E2A51039B74160291DC82793309830153294C940AEE641EA0C62","True"
"Content\Scripts\PresentationBiomeQ.lua","D21AF47BAB314AB3A48CD2A578DAFC15F15F400090BCE8C2FE2A8A24DF2531B4","D21AF47BAB314AB3A48CD2A578DAFC15F15F400090BCE8C2FE2A8A24DF2531B4","True"
"Content\Scripts\ProjectileData_EnemyB.lua","7C244F8B85A0E1EE88B5C0D8A4D03DA6C2191AFD4644DB9794196217C3BE213B","7C244F8B85A0E1EE88B5C0D8A4D03DA6C2191AFD4644DB9794196217C3BE213B","True"
"Content\Scripts\ProjectileData_EnemyF.lua","BEA8845278C7B8FE0FAECAF523A094EB86ED54961E875F7107176BD1845CBEE2","BEA8845278C7B8FE0FAECAF523A094EB86ED54961E875F7107176BD1845CBEE2","True"
"Content\Scripts\ProjectileData_EnemyG.lua","16ABDDF428709AEB525050650D7516AE670B02031E086457B5659B720FA3529A","16ABDDF428709AEB525050650D7516AE670B02031E086457B5659B720FA3529A","True"
"Content\Scripts\ProjectileData_EnemyH.lua","6236490E9AF9E1B2FC6C8FD6E7B2E99B9879A0A72EA1B4DC823DAB70AE240366","6236490E9AF9E1B2FC6C8FD6E7B2E99B9879A0A72EA1B4DC823DAB70AE240366","True"
"Content\Scripts\ProjectileData_EnemyI.lua","F4232E7E53843063B47955E846A36498700C80175B09B1847A3BAB711B27A977","F4232E7E53843063B47955E846A36498700C80175B09B1847A3BAB711B27A977","True"
"Content\Scripts\ProjectileData_EnemyN.lua","D1962B6944BB8096F19495AE8C6BA9174D8476F08C079C69FAD9FBF9C4EFE798","D1962B6944BB8096F19495AE8C6BA9174D8476F08C079C69FAD9FBF9C4EFE798","True"
"Content\Scripts\ProjectileData_EnemyO.lua","AE04AC06C35A1529F30BD0FDBC841FCFE3216AF62B214536F1A605E385266F45","AE04AC06C35A1529F30BD0FDBC841FCFE3216AF62B214536F1A605E385266F45","True"
"Content\Scripts\ProjectileData_EnemyP.lua","82058E237443A3EA2FA603F731254F2A96A248D1F3A1BA5F6FFE92DE02C19B6E","82058E237443A3EA2FA603F731254F2A96A248D1F3A1BA5F6FFE92DE02C19B6E","True"
"Content\Scripts\ProjectileData_EnemyQ.lua","CD0E993CDE6026E6277A476A38AB1E731865DF6505512382CED1D3B55AC70083","CD0E993CDE6026E6277A476A38AB1E731865DF6505512382CED1D3B55AC70083","True"
"Content\Scripts\ProjectileData_Familiar.lua","99F65599B018850F012FF9F89015CD66DB74ECAC5A2280EDB8A0685889AA4327","99F65599B018850F012FF9F89015CD66DB74ECAC5A2280EDB8A0685889AA4327","True"
"Content\Scripts\ProjectileData_Gods.lua","95F48AC6B69C20398D96639D20BC4AAFF267AF0B67C6251F2E4586E836F7EE82","95F48AC6B69C20398D96639D20BC4AAFF267AF0B67C6251F2E4586E836F7EE82","True"
"Content\Scripts\ProjectileData_Melinoe.lua","F61A1CA1331A0896DDD533637317DB33EC7F6E4AFFE39BBF57D35AA76ED44DF4","F61A1CA1331A0896DDD533637317DB33EC7F6E4AFFE39BBF57D35AA76ED44DF4","True"
"Content\Scripts\ProjectileData_NPC.lua","2A6FEC1EF0EBAFC98A95B0BF740C9255C7FB9EBAC654DE216666019D978BEDDB","2A6FEC1EF0EBAFC98A95B0BF740C9255C7FB9EBAC654DE216666019D978BEDDB","True"
"Content\Scripts\ProjectileData_Traps.lua","8F12DABDC34A73DFA7B9E0D7F26CA1D4DFE7418AE6E4719BAA8991E1FF1EBA9C","8F12DABDC34A73DFA7B9E0D7F26CA1D4DFE7418AE6E4719BAA8991E1FF1EBA9C","True"
"Content\Scripts\ProjectileData.lua","987C805C0B7CF269B6C0DCE9B4CFFCFC71993ADB97004A3F297CB03377EE41DB","987C805C0B7CF269B6C0DCE9B4CFFCFC71993ADB97004A3F297CB03377EE41DB","True"
"Content\Scripts\QuestData.lua","DF9888D6586E0F8644E31DB093BF35452BC3AC057D0F144BE2F2F1E8D1E64336","DF9888D6586E0F8644E31DB093BF35452BC3AC057D0F144BE2F2F1E8D1E64336","True"
"Content\Scripts\QuestLogLogic.lua","0DFF8CB49C54715FFE13C1C2986553087688E9DBD2AEC3FA1FE61943BA91C254","0DFF8CB49C54715FFE13C1C2986553087688E9DBD2AEC3FA1FE61943BA91C254","True"
"Content\Scripts\QuestPresentation.lua","5BA3B6AD50C82B503415C6E4C29873972F8CCC47FBD089A72FD5D31BED30EF99","5BA3B6AD50C82B503415C6E4C29873972F8CCC47FBD089A72FD5D31BED30EF99","True"
"Content\Scripts\RandomLogic.lua","58080694C3EE2A228B01ACC13A459A3A675801F24B61A9D0AB0609E60ED8485E","58080694C3EE2A228B01ACC13A459A3A675801F24B61A9D0AB0609E60ED8485E","True"
"Content\Scripts\RequirementsData.lua","47743D3011418E4CACF54971DCB6C57A6A7F50429795B6C0CDB4BED650EC3DEB","47743D3011418E4CACF54971DCB6C57A6A7F50429795B6C0CDB4BED650EC3DEB","True"
"Content\Scripts\RequirementsLogic.lua","AC0A0DE3D4974C291343D78A28AC6A82A74E9E1D64856B0E6AA3C9B15CD78A6D","AC0A0DE3D4974C291343D78A28AC6A82A74E9E1D64856B0E6AA3C9B15CD78A6D","True"
"Content\Scripts\ResourceData.lua","94B2DC9EDC22C34B213AB78DEA42F2DC76C80CBCFDE14104CBE772B254A29B03","94B2DC9EDC22C34B213AB78DEA42F2DC76C80CBCFDE14104CBE772B254A29B03","True"
"Content\Scripts\ResourceLogic.lua","809BDF80B277179D45C420EC3873EEBC36E7ACA5F3E30D79AD4DF01DDF8F82A0","809BDF80B277179D45C420EC3873EEBC36E7ACA5F3E30D79AD4DF01DDF8F82A0","True"
"Content\Scripts\ResourcePresentation.lua","21F916C4C4A985E6DB4D02CF00BE225DCA6509870BF09811B9A1445CE08E16FA","21F916C4C4A985E6DB4D02CF00BE225DCA6509870BF09811B9A1445CE08E16FA","True"
"Content\Scripts\RewardData.lua","50C0D3D3806DACD58714FE47CFE951122A3F0667BBAFC3B6A862B87BFD28F65B","50C0D3D3806DACD58714FE47CFE951122A3F0667BBAFC3B6A862B87BFD28F65B","True"
"Content\Scripts\RewardLogic.lua","DD1A774EB8A489D27729927CA57DB352F1A6449CD06BE8E23797461BE26CC4E4","DD1A774EB8A489D27729927CA57DB352F1A6449CD06BE8E23797461BE26CC4E4","True"
"Content\Scripts\RewardPresentation.lua","08445019B06EB3CB81FF6B94F2197F7821D9D767EE03B2A5F23FFD7034CD038E","08445019B06EB3CB81FF6B94F2197F7821D9D767EE03B2A5F23FFD7034CD038E","True"
"Content\Scripts\RoomData.lua","695BA15E5772F757532E5ADCFDAAEC426DC8F1CFFAD4D9E05F0CBAF098F1FBBC","695BA15E5772F757532E5ADCFDAAEC426DC8F1CFFAD4D9E05F0CBAF098F1FBBC","True"
"Content\Scripts\RoomDataAnomaly.lua","FFF855BB185BAF4EC283F3639BFDDF85066B4B3523B581017F9DCCE530AFF87D","FFF855BB185BAF4EC283F3639BFDDF85066B4B3523B581017F9DCCE530AFF87D","True"
"Content\Scripts\RoomDataC.lua","F1D298B1EF762182B1820F40C624A804AB736C3D9937FBC0D319D12E8E0DD7E3","F1D298B1EF762182B1820F40C624A804AB736C3D9937FBC0D319D12E8E0DD7E3","True"
"Content\Scripts\RoomDataChaos.lua","B66D3C0CDDC0C819494BA12097EC7DCD8269FCF659A09795976D00BD2C2E1CDC","B66D3C0CDDC0C819494BA12097EC7DCD8269FCF659A09795976D00BD2C2E1CDC","True"
"Content\Scripts\RoomDataDream.lua","1C14C95A1B46905F0FE75C0111E4A1BFC5C45A7D3172AAB5D266BC572D08E86B","1C14C95A1B46905F0FE75C0111E4A1BFC5C45A7D3172AAB5D266BC572D08E86B","True"
"Content\Scripts\RoomDataF.lua","4D23B89616376DFA78060031ABB5FE41DCAAC39C113F546886CA4C476148E8B1","4D23B89616376DFA78060031ABB5FE41DCAAC39C113F546886CA4C476148E8B1","True"
"Content\Scripts\RoomDataG.lua","E81D6862DAB285625DFBFAFAC8E7AC89983A47884D46F7EEA9354D2361EADF9E","E81D6862DAB285625DFBFAFAC8E7AC89983A47884D46F7EEA9354D2361EADF9E","True"
"Content\Scripts\RoomDataH.lua","115B9864166EABFFB4E83C54B174A649FD91B3EAA3068DBDF9FC8263D37EEAF1","115B9864166EABFFB4E83C54B174A649FD91B3EAA3068DBDF9FC8263D37EEAF1","True"
"Content\Scripts\RoomDataI.lua","7C29D89765FC33E60EC087A06502A69AC01CC6C229AA6AD593D067AF15449B5C","7C29D89765FC33E60EC087A06502A69AC01CC6C229AA6AD593D067AF15449B5C","True"
"Content\Scripts\RoomDataN.lua","0AB8A3E392BF077B85F4C90FBF7D6C9A0830CE67460774940819159910EEC01F","0AB8A3E392BF077B85F4C90FBF7D6C9A0830CE67460774940819159910EEC01F","True"
"Content\Scripts\RoomDataO.lua","3791CA84E6AC660170DFD8D9ED108F8ABEA31F3577E9CDC7DE3036C258FBD036","3791CA84E6AC660170DFD8D9ED108F8ABEA31F3577E9CDC7DE3036C258FBD036","True"
"Content\Scripts\RoomDataP.lua","5002765B58BCDD64B52D417547F6B8C81C3F7A4214BF76E3642853337C683E3C","5002765B58BCDD64B52D417547F6B8C81C3F7A4214BF76E3642853337C683E3C","True"
"Content\Scripts\RoomDataQ.lua","599D45ABE4D90315C5676C6CAB286A17049A6ECAE2E3DBF88DA004115FD51FA6","599D45ABE4D90315C5676C6CAB286A17049A6ECAE2E3DBF88DA004115FD51FA6","True"
"Content\Scripts\RoomDataTest.lua","D44DD36BA5C98A2B7B2E2CDBC2197FBE0E9CABB4C33ED2D275EE847F98A22BB3","D44DD36BA5C98A2B7B2E2CDBC2197FBE0E9CABB4C33ED2D275EE847F98A22BB3","True"
"Content\Scripts\RoomLogic.lua","AFFB8EE3DC2806E1B9A1A5F8F8C3616F9D2010F267E58F175095F5C16E072D5B","AFFB8EE3DC2806E1B9A1A5F8F8C3616F9D2010F267E58F175095F5C16E072D5B","True"
"Content\Scripts\RoomPresentation.lua","A79128E4A325EFD48E9A0E463D53DEEC65438F37D30FA19901C9E896C06B2B41","A79128E4A325EFD48E9A0E463D53DEEC65438F37D30FA19901C9E896C06B2B41","True"
"Content\Scripts\RoomSets.lua","0A183F31AFB79EAD6DBAFBE21B5CC799ACFE769B525575A1C172C1E4B4FB30DC","0A183F31AFB79EAD6DBAFBE21B5CC799ACFE769B525575A1C172C1E4B4FB30DC","True"
"Content\Scripts\RunClearData.lua","D6E372B0E0F554D40DBA7501C6A44B2C28DD948AC00D7123E31707B1383C8684","D6E372B0E0F554D40DBA7501C6A44B2C28DD948AC00D7123E31707B1383C8684","True"
"Content\Scripts\RunClearLogic.lua","EAA05DC16B77814BCE3ABF2EA5BEB945567E960E719233F1A943B9D7B790DA47","EAA05DC16B77814BCE3ABF2EA5BEB945567E960E719233F1A943B9D7B790DA47","True"
"Content\Scripts\RunData.lua","604497CB405551A4364EE9D5BB22EE35731C545CE3CEF06A53DC4B6AB6E4B86E","604497CB405551A4364EE9D5BB22EE35731C545CE3CEF06A53DC4B6AB6E4B86E","True"
"Content\Scripts\RunHistoryData.lua","DFF362B73104F494C92B4D3E0FB6E5C80F64D907ECF4CDEC0710ADD57F64FA89","DFF362B73104F494C92B4D3E0FB6E5C80F64D907ECF4CDEC0710ADD57F64FA89","True"
"Content\Scripts\RunHistoryLogic.lua","598241ADBE261E6E1BFAD703B529C7C8BF6005F51FFDD70E22A3EAC54A10FA1E","598241ADBE261E6E1BFAD703B529C7C8BF6005F51FFDD70E22A3EAC54A10FA1E","True"
"Content\Scripts\RunHistoryPresentation.lua","530B04E7179FD01C71A3D46AA56693AD139720869915D5A89E8799A481843145","530B04E7179FD01C71A3D46AA56693AD139720869915D5A89E8799A481843145","True"
"Content\Scripts\RunLogic.lua","6598C86DB8E1B3C7DA74215665F0A0D4CF67D4A531323B489F6A3CE575D8C06A","6598C86DB8E1B3C7DA74215665F0A0D4CF67D4A531323B489F6A3CE575D8C06A","True"
"Content\Scripts\SaveLogic.lua","2D85B8C7C69C295FA8663F2A7C81BA5DB65BDF13D7DAF41B03E3891A93932313","2D85B8C7C69C295FA8663F2A7C81BA5DB65BDF13D7DAF41B03E3891A93932313","True"
"Content\Scripts\SellTraitData.lua","38445682A73E639219647A8E7ACC5D4108C81DB7307B57085E547F4F847F5257","38445682A73E639219647A8E7ACC5D4108C81DB7307B57085E547F4F847F5257","True"
"Content\Scripts\SellTraitLogic.lua","718607362BD632520C0FB59AAF16B58E3157D12BA6B6869AE25B04C26D5F9CEB","718607362BD632520C0FB59AAF16B58E3157D12BA6B6869AE25B04C26D5F9CEB","True"
"Content\Scripts\ShrineData.lua","D8D7E6A3FCF0D8130031FEE05B62E6A0195BBB8B143FA0AFA2C063BAC3E20696","D8D7E6A3FCF0D8130031FEE05B62E6A0195BBB8B143FA0AFA2C063BAC3E20696","True"
"Content\Scripts\ShrineLogic.lua","652E4974DE790428FDD3A11A44EB25A37C664F0FA5EF66FA06083FB0A0548CA2","652E4974DE790428FDD3A11A44EB25A37C664F0FA5EF66FA06083FB0A0548CA2","True"
"Content\Scripts\ShrinePresentation.lua","A684BB7BAF9BB4AA74761E9E9CEF59124B7F1B1474B70598E0DF1E75FC050D1A","A684BB7BAF9BB4AA74761E9E9CEF59124B7F1B1474B70598E0DF1E75FC050D1A","True"
"Content\Scripts\SpellData.lua","A9A0E586C8DD665D8D14C39757A70DC3FCA4DA1A7DD852FDBAA88FDD00E41ED4","A9A0E586C8DD665D8D14C39757A70DC3FCA4DA1A7DD852FDBAA88FDD00E41ED4","True"
"Content\Scripts\SpellLogic.lua","83892ACA4255A8499FB153851FB729568F1554C9D29386EBC05A45AFBC0289C3","83892ACA4255A8499FB153851FB729568F1554C9D29386EBC05A45AFBC0289C3","True"
"Content\Scripts\SpellPresentation.lua","76D8E17E7A797E13C005FEF1CC6CB20BC2DA6EED05AA628F5103A6618D43B3DB","76D8E17E7A797E13C005FEF1CC6CB20BC2DA6EED05AA628F5103A6618D43B3DB","True"
"Content\Scripts\SpellScreenData.lua","3DD152B3AA89F6356E06E6D36749AAA27BFB6E1B5F9F4682269222EB9F9B763E","3DD152B3AA89F6356E06E6D36749AAA27BFB6E1B5F9F4682269222EB9F9B763E","True"
"Content\Scripts\SpellScreenLogic.lua","FE51B1CCD7719620ABA162165191876039CEF5C0369132B83454088A15F381A6","FE51B1CCD7719620ABA162165191876039CEF5C0369132B83454088A15F381A6","True"
"Content\Scripts\StoreData.lua","B8FB82BB4368EC8485C876B93F01D582E949740F73E9E59E241131AAA67A09A0","B8FB82BB4368EC8485C876B93F01D582E949740F73E9E59E241131AAA67A09A0","True"
"Content\Scripts\StoreLogic.lua","7EE09CA5BB7A8C3928702BCC1FCDF67CB91CD23B0D49EED7ACF799917048206C","7EE09CA5BB7A8C3928702BCC1FCDF67CB91CD23B0D49EED7ACF799917048206C","True"
"Content\Scripts\StoryResetData.lua","58509042A27542F96D666071DA2FA58CA3C3B227002E4AE628501B7D7738EF8E","58509042A27542F96D666071DA2FA58CA3C3B227002E4AE628501B7D7738EF8E","True"
"Content\Scripts\StoryResetLogic.lua","F4EED0FA0C103C187B842207A81F0E59F6E795A74884D612A46305EAB161D4D3","F4EED0FA0C103C187B842207A81F0E59F6E795A74884D612A46305EAB161D4D3","True"
"Content\Scripts\SurfaceShopData.lua","1B6B9E288A8F355E0DBA01D08B150C3BD359F60A036D6577B8F9C4D33D91DBEC","1B6B9E288A8F355E0DBA01D08B150C3BD359F60A036D6577B8F9C4D33D91DBEC","True"
"Content\Scripts\SurfaceShopLogic.lua","3220259D9D49935B50C5306E9443952676AB279CC86D0CC8C8FA3171E163E344","3220259D9D49935B50C5306E9443952676AB279CC86D0CC8C8FA3171E163E344","True"
"Content\Scripts\SurfaceShopPresentation.lua","F8156181166C82F76EC6D44C7B34346EE5193CFF60702A2051D96322A575FE6A","F8156181166C82F76EC6D44C7B34346EE5193CFF60702A2051D96322A575FE6A","True"
"Content\Scripts\TalentScreenData.lua","23066E76ECACA99CF1436FE7FBD8A1AC61CBF89E6598BBC977B62CD9495AB103","23066E76ECACA99CF1436FE7FBD8A1AC61CBF89E6598BBC977B62CD9495AB103","True"
"Content\Scripts\TalentScreenLogic.lua","3FE9295176011190A8D3A36A707EED46882105838301C6770BB26E50889862AA","3FE9295176011190A8D3A36A707EED46882105838301C6770BB26E50889862AA","True"
"Content\Scripts\TestAndrew.lua","9FA9A3C8E146F32E100A3CC3754829FC8C392D25D4AFC0D3DB0E73B128FD3AEE","9FA9A3C8E146F32E100A3CC3754829FC8C392D25D4AFC0D3DB0E73B128FD3AEE","True"
"Content\Scripts\TestJosh.lua","02D86B29E29DFACF53456198360BE304216F15410A1ED90E03400F3E4EDF76DD","02D86B29E29DFACF53456198360BE304216F15410A1ED90E03400F3E4EDF76DD","True"
"Content\Scripts\TestPerf.lua","8EA1EB215E91B0521B116096DF14B6ED61FEC8E62B17EC07C9E811A5AB621E40","8EA1EB215E91B0521B116096DF14B6ED61FEC8E62B17EC07C9E811A5AB621E40","True"
"Content\Scripts\TradeData.lua","EC601A5B220E8B87D39255E700F8747EAC6F26706E8BCF7AA7E9F32BA019B25A","EC601A5B220E8B87D39255E700F8747EAC6F26706E8BCF7AA7E9F32BA019B25A","True"
"Content\Scripts\TradeLogic.lua","12EFA6598E8E91D1CCB8CCE58308ACEF4B968BB72DF6317DCFF500963C6D77C3","12EFA6598E8E91D1CCB8CCE58308ACEF4B968BB72DF6317DCFF500963C6D77C3","True"
"Content\Scripts\TradePresentation.lua","8FAFC7D4EA50D90B3652971A700D9F85657FAAF9ED6499EBA446B9F0617BFE58","8FAFC7D4EA50D90B3652971A700D9F85657FAAF9ED6499EBA446B9F0617BFE58","True"
"Content\Scripts\TraitData_Aphrodite.lua","EA57B1ACEC369C04D833B8C791AE6ABE45237A23AD85A6671F5CE0696AB039F5","EA57B1ACEC369C04D833B8C791AE6ABE45237A23AD85A6671F5CE0696AB039F5","True"
"Content\Scripts\TraitData_Apollo.lua","CACB1AE3A14746E60E454DC07E8A4778084CE7C6B62AD87F2B46DD33178B49C8","CACB1AE3A14746E60E454DC07E8A4778084CE7C6B62AD87F2B46DD33178B49C8","True"
"Content\Scripts\TraitData_Arachne.lua","AC2D98941A81C9F75877F4FB453F03BDF2A15FE72F2BB6A27C1633E00CDDFB13","AC2D98941A81C9F75877F4FB453F03BDF2A15FE72F2BB6A27C1633E00CDDFB13","True"
"Content\Scripts\TraitData_Ares.lua","EB6CC08C96E4A6B1CC4A589D23F445BCF5FDDC03605079F189C790B807B64BDE","EB6CC08C96E4A6B1CC4A589D23F445BCF5FDDC03605079F189C790B807B64BDE","True"
"Content\Scripts\TraitData_Artemis.lua","3988466A08862B84957FF141F536CA71AB6CE6105B6E0F16E0E226F1AB65B1BC","3988466A08862B84957FF141F536CA71AB6CE6105B6E0F16E0E226F1AB65B1BC","True"
"Content\Scripts\TraitData_Aspect.lua","254C6BA4C2B00D71852B19FBECE490993097237E8C5A7DBF4CD386A93B5919BF","254C6BA4C2B00D71852B19FBECE490993097237E8C5A7DBF4CD386A93B5919BF","True"
"Content\Scripts\TraitData_Athena.lua","64A482AD870EA033D370573DA18ACE30FEB9E650FCABFFC27701CFDA678E4EBE","64A482AD870EA033D370573DA18ACE30FEB9E650FCABFFC27701CFDA678E4EBE","True"
"Content\Scripts\TraitData_Axe.lua","E5F1ED4ED39148A3384A0BC712CCB82B9E8BD0BC5F794E2FF60CB75C93A9EB58","E5F1ED4ED39148A3384A0BC712CCB82B9E8BD0BC5F794E2FF60CB75C93A9EB58","True"
"Content\Scripts\TraitData_Chaos.lua","6B68BAD6A7FA358E7DAD29DE911541D95CD720E25B2BBBDCC5ACF6D872BE83A5","6B68BAD6A7FA358E7DAD29DE911541D95CD720E25B2BBBDCC5ACF6D872BE83A5","True"
"Content\Scripts\TraitData_Circe.lua","1A3F2D7D9B439313B62287C246B8FF304E19C8985ECA32874E2C64DF10D47643","1A3F2D7D9B439313B62287C246B8FF304E19C8985ECA32874E2C64DF10D47643","True"
"Content\Scripts\TraitData_Dagger.lua","B2F9C526E9A5FF8708B0170507AFE956F875EBC38BCC65EFB5C1B42409DB974B","B2F9C526E9A5FF8708B0170507AFE956F875EBC38BCC65EFB5C1B42409DB974B","True"
"Content\Scripts\TraitData_Demeter.lua","A493CB299B1A0F801014CA074642949C5DA031DD9DC3C77A7C06A10FDD3204FC","A493CB299B1A0F801014CA074642949C5DA031DD9DC3C77A7C06A10FDD3204FC","True"
"Content\Scripts\TraitData_Dionysus.lua","AF61DADA3E196F4C87FFD5BF7C793BD083128611098575A5A1810F6DA50CC457","AF61DADA3E196F4C87FFD5BF7C793BD083128611098575A5A1810F6DA50CC457","True"
"Content\Scripts\TraitData_Duo.lua","5CC7D6A5662D794364CA926B1118C63137AB339FE94D98F28D54820C150CE353","5CC7D6A5662D794364CA926B1118C63137AB339FE94D98F28D54820C150CE353","True"
"Content\Scripts\TraitData_Echo.lua","E2A6671258E214A3F52439449C151F6DDCC8CE8EAE76355ACEF1731489D8B375","E2A6671258E214A3F52439449C151F6DDCC8CE8EAE76355ACEF1731489D8B375","True"
"Content\Scripts\TraitData_Elementals.lua","01160A645063B449035765635437F309387D9D67EFBD92CB08A6B6936A413B4F","01160A645063B449035765635437F309387D9D67EFBD92CB08A6B6936A413B4F","True"
"Content\Scripts\TraitData_Essence.lua","27E0CEDF257AA9EAABC11516E22EA9E910D6A42E9477337062D7A97290ABA5E8","27E0CEDF257AA9EAABC11516E22EA9E910D6A42E9477337062D7A97290ABA5E8","True"
"Content\Scripts\TraitData_Hades.lua","ACE7B7D44515D9F60B5DA503203F3D6B9FF707A0260ED6EC0FCD0EC082610C44","ACE7B7D44515D9F60B5DA503203F3D6B9FF707A0260ED6EC0FCD0EC082610C44","True"
"Content\Scripts\TraitData_Hephaestus.lua","91271A44A466CC02354DF2406DDAD62F9FB5A1F1C22CADD6D1D16CF485CF1904","91271A44A466CC02354DF2406DDAD62F9FB5A1F1C22CADD6D1D16CF485CF1904","True"
"Content\Scripts\TraitData_Hera.lua","53A6DCCBB79468797E094BDBAF6C76177967F0614B08AF2D5F67DC564BE93A0E","53A6DCCBB79468797E094BDBAF6C76177967F0614B08AF2D5F67DC564BE93A0E","True"
"Content\Scripts\TraitData_Hermes.lua","B6989A05A45E3FC87D67A19BC98583227AE3C7B12A4406C71B9E451D28919F10","B6989A05A45E3FC87D67A19BC98583227AE3C7B12A4406C71B9E451D28919F10","True"
"Content\Scripts\TraitData_Hestia.lua","BDBFE186AF7AAEB317BC228428991F545777BBBA411DB3E53AA50127147614B9","BDBFE186AF7AAEB317BC228428991F545777BBBA411DB3E53AA50127147614B9","True"
"Content\Scripts\TraitData_Icarus.lua","9236740EAAE786A5C76F8EE012BD6D72A91F7FD755CE608960AAB1E85099E390","9236740EAAE786A5C76F8EE012BD6D72A91F7FD755CE608960AAB1E85099E390","True"
"Content\Scripts\TraitData_Keepsake.lua","F7C30B532FB228F5D668592E698E89B7887FB1587C994D56D9DF659E49EB82E3","F7C30B532FB228F5D668592E698E89B7887FB1587C994D56D9DF659E49EB82E3","True"
"Content\Scripts\TraitData_Lob.lua","8BA4DE965F9BAA1626ACB0A3A6C4FB36D636FCCE1BE313D34C1A680B5218AB4B","8BA4DE965F9BAA1626ACB0A3A6C4FB36D636FCCE1BE313D34C1A680B5218AB4B","True"
"Content\Scripts\TraitData_Medea.lua","20BD0B08CF944D8B9381768372BDDCE03C15292F9391115D0F36FC84DE2A39DB","20BD0B08CF944D8B9381768372BDDCE03C15292F9391115D0F36FC84DE2A39DB","True"
"Content\Scripts\TraitData_MetaUpgrade.lua","98E577089BCFB25D97DA54F83D604BB1B14B8849080A70D35CE72E16701BC78F","98E577089BCFB25D97DA54F83D604BB1B14B8849080A70D35CE72E16701BC78F","True"
"Content\Scripts\TraitData_Narcissus.lua","389D91C2B00ED7A9503624EE2B12F303326D9279DE31C05F95B5A86B6C14FDD1","389D91C2B00ED7A9503624EE2B12F303326D9279DE31C05F95B5A86B6C14FDD1","True"
"Content\Scripts\TraitData_Poseidon.lua","FE12D766E7B408A90F48C04C8E96E25A0DAA10A928A19FE6F4C368E2A21BB639","FE12D766E7B408A90F48C04C8E96E25A0DAA10A928A19FE6F4C368E2A21BB639","True"
"Content\Scripts\TraitData_Spell.lua","1622ACD2B66B2F164A36C64DAFDBDFECEC3A2A2B9379435FC3AC222E14DB5DEE","1622ACD2B66B2F164A36C64DAFDBDFECEC3A2A2B9379435FC3AC222E14DB5DEE","True"
"Content\Scripts\TraitData_Staff.lua","3762E40BF724712FA599D1F63BDFD64B0ED57FD85761DA2766D0C38B0068E661","3762E40BF724712FA599D1F63BDFD64B0ED57FD85761DA2766D0C38B0068E661","True"
"Content\Scripts\TraitData_Store.lua","DA55E2B2EE4DB2093EC878D33DDEEA5E796D115A17C27324CF043D35F8D38563","DA55E2B2EE4DB2093EC878D33DDEEA5E796D115A17C27324CF043D35F8D38563","True"
"Content\Scripts\TraitData_Suit.lua","359644AD5F5D3BEDD96EB5EF555F4728BC1CCA88907ECEF2170CF2E8727C7278","359644AD5F5D3BEDD96EB5EF555F4728BC1CCA88907ECEF2170CF2E8727C7278","True"
"Content\Scripts\TraitData_Talent.lua","AB0D3CB6D322C504691F9B52CBE37EB6A11AE926F0FC03F3C83CF20FCA738157","AB0D3CB6D322C504691F9B52CBE37EB6A11AE926F0FC03F3C83CF20FCA738157","True"
"Content\Scripts\TraitData_Torch.lua","30858382DBE5596B708CAFEE38C689A61110A920D6A1ED06222E9F35AE8F0C33","30858382DBE5596B708CAFEE38C689A61110A920D6A1ED06222E9F35AE8F0C33","True"
"Content\Scripts\TraitData_Zeus.lua","6263E982E1D6BA03F8CB83D3B15C87A6A342DBC868D7C203E345CE5D59D1FAED","6263E982E1D6BA03F8CB83D3B15C87A6A342DBC868D7C203E345CE5D59D1FAED","True"
"Content\Scripts\TraitData.lua","51336D163DE106816EEF1F8FAFA1359A320638E18D5F92C5263DE1EF25677DAB","51336D163DE106816EEF1F8FAFA1359A320638E18D5F92C5263DE1EF25677DAB","True"
"Content\Scripts\TraitLogic.lua","268C08251C8B05C6A26CA4F6F9642EA6C6A0314C62FC194DD853D96372B53C5E","268C08251C8B05C6A26CA4F6F9642EA6C6A0314C62FC194DD853D96372B53C5E","True"
"Content\Scripts\TraitTrayData.lua","3F107D49D176E90D90083FD7303D9F869CE2DD124D53C09366064C10CF586933","3F107D49D176E90D90083FD7303D9F869CE2DD124D53C09366064C10CF586933","True"
"Content\Scripts\TraitTrayLogic.lua","76B547FE5C719FAFE8ED3E609593D986648B2CCFD1B93BE955112FE685B13519","76B547FE5C719FAFE8ED3E609593D986648B2CCFD1B93BE955112FE685B13519","True"
"Content\Scripts\UIData.lua","6339A5BD6CB21451A7F2A35C7250E5C79E82F5200A693AC53F54B50B9606BA16","6339A5BD6CB21451A7F2A35C7250E5C79E82F5200A693AC53F54B50B9606BA16","True"
"Content\Scripts\UILogic.lua","6C01D52BC94C6018E392B0E40CE758C013B2788AF805DABA2552AD28B7174277","6C01D52BC94C6018E392B0E40CE758C013B2788AF805DABA2552AD28B7174277","True"
"Content\Scripts\UIPresentation.lua","0BAD507530C5393299B74A74F1C7829F192B6B5AA82AA74258B8B060913613C4","0BAD507530C5393299B74A74F1C7829F192B6B5AA82AA74258B8B060913613C4","True"
"Content\Scripts\UpgradeChoiceData.lua","2EF90D95E9051D21968675F064E1D5FE6291DFFD4CAE7D77EB699A5A2A118AEE","2EF90D95E9051D21968675F064E1D5FE6291DFFD4CAE7D77EB699A5A2A118AEE","True"
"Content\Scripts\UpgradeChoiceLogic.lua","07E7A81D5674ECD1D774CEC81B4450B6E16F2A9DD315996D786EF71518F95292","07E7A81D5674ECD1D774CEC81B4450B6E16F2A9DD315996D786EF71518F95292","True"
"Content\Scripts\UpgradeLogic.lua","CC1E8E58FB8AF2390C83E66E3728631DD1691BFD3EE1D0BE72DCFD03FDEC9657","CC1E8E58FB8AF2390C83E66E3728631DD1691BFD3EE1D0BE72DCFD03FDEC9657","True"
"Content\Scripts\UtilityLogic.lua","781C89117640EFCC3984139D9563838B9D23465B319FE287595299EBB6894D15","781C89117640EFCC3984139D9563838B9D23465B319FE287595299EBB6894D15","True"
"Content\Scripts\WeaponData_Automaton.lua","95EA3F1EC03D3D1EF5D197380540F3908BC374E7E873385E3374CCE51B2B01A0","95EA3F1EC03D3D1EF5D197380540F3908BC374E7E873385E3374CCE51B2B01A0","True"
"Content\Scripts\WeaponData_Axe.lua","438F2B409A26B91BAC43D021CE05E8A272DE1BF9FBBA281982FDA263E218FBE0","438F2B409A26B91BAC43D021CE05E8A272DE1BF9FBBA281982FDA263E218FBE0","True"
"Content\Scripts\WeaponData_Bloodless.lua","5DB7BC64B9EF8F2D9464C1B68C2B3C5BD0FD7FF290D5B7437036FE8B262B2F11","5DB7BC64B9EF8F2D9464C1B68C2B3C5BD0FD7FF290D5B7437036FE8B262B2F11","True"
"Content\Scripts\WeaponData_BrokenHearted.lua","DE17963E3B5481A1E93BF06F50F1A7C0CA390F0C8E8DA9AD67F351CA82BAB9BA","DE17963E3B5481A1E93BF06F50F1A7C0CA390F0C8E8DA9AD67F351CA82BAB9BA","True"
"Content\Scripts\WeaponData_Carrion.lua","AA0B4240CD4839BDC122252015409122F5DC5846532955C888D3C81E46B14F9C","AA0B4240CD4839BDC122252015409122F5DC5846532955C888D3C81E46B14F9C","True"
"Content\Scripts\WeaponData_Charybdis.lua","E65E964AA1E55C1700A822128FDA96BDE1D7FDE1596CAA30E5F1C56C6A984B5D","E65E964AA1E55C1700A822128FDA96BDE1D7FDE1596CAA30E5F1C56C6A984B5D","True"
"Content\Scripts\WeaponData_Chronos.lua","56131C3E903E3DDF016D18509913F64BE0A9E58442D1C0D9F61AFFEBAAEAC182","56131C3E903E3DDF016D18509913F64BE0A9E58442D1C0D9F61AFFEBAAEAC182","True"
"Content\Scripts\WeaponData_Corrupted.lua","5E825C4BD030CA963EA270577E72AAFF513F6047F0118BD9CF82C9A7F0DE4937","5E825C4BD030CA963EA270577E72AAFF513F6047F0118BD9CF82C9A7F0DE4937","True"
"Content\Scripts\WeaponData_Crawler.lua","CE48D9247FB834D8EFA6BCCFD4C9F036BEEC9962CB372FDFD7AF2AEF89C02A8C","CE48D9247FB834D8EFA6BCCFD4C9F036BEEC9962CB372FDFD7AF2AEF89C02A8C","True"
"Content\Scripts\WeaponData_Dagger.lua","5243F17AA71AA1276CE9652DD6699E0E53FF034265FE246E34551C6CDCEAB14D","5243F17AA71AA1276CE9652DD6699E0E53FF034265FE246E34551C6CDCEAB14D","True"
"Content\Scripts\WeaponData_Devotion.lua","0F79903D61DD3821602F7DDC4C5F1A10696AAD68FC70C2BF2D1E3BE74907791B","0F79903D61DD3821602F7DDC4C5F1A10696AAD68FC70C2BF2D1E3BE74907791B","True"
"Content\Scripts\WeaponData_Dragon.lua","1640FBA5D64FAC2CD15D1B6686E3EFE27B15A6845D66EBECBBE3619D8D36D687","1640FBA5D64FAC2CD15D1B6686E3EFE27B15A6845D66EBECBBE3619D8D36D687","True"
"Content\Scripts\WeaponData_Drunk.lua","67B2F4B206BB9931DD3A38A16C40F5172E7D9505A1A73FB0BE5599E12200E456","67B2F4B206BB9931DD3A38A16C40F5172E7D9505A1A73FB0BE5599E12200E456","True"
"Content\Scripts\WeaponData_Eagle.lua","5FB6FDD52A5F28D4B2F54DDBB417D6141C397554D83E9FD2A4A3534EEC1EBCAC","5FB6FDD52A5F28D4B2F54DDBB417D6141C397554D83E9FD2A4A3534EEC1EBCAC","True"
"Content\Scripts\WeaponData_Elemental.lua","833EC5072E48723D7D262F072582D26C451C4803FC74D81CDE32499652DE0F2F","833EC5072E48723D7D262F072582D26C451C4803FC74D81CDE32499652DE0F2F","True"
"Content\Scripts\WeaponData_Eris.lua","8E9F3084459152F3E724876FF501C8DE7AAE73D3ECBE04E01172C7632AD3752F","8E9F3084459152F3E724876FF501C8DE7AAE73D3ECBE04E01172C7632AD3752F","True"
"Content\Scripts\WeaponData_Fishman.lua","504626441C751C8F6FCC8AB23A8CCAAC792396C35E5CEFC750689B5E2C2ECBAF","504626441C751C8F6FCC8AB23A8CCAAC792396C35E5CEFC750689B5E2C2ECBAF","True"
"Content\Scripts\WeaponData_FishSwarmer.lua","2EF384B9B6530486D15F003DA6824A96EDB4017A77EE55A84A30397E328353DE","2EF384B9B6530486D15F003DA6824A96EDB4017A77EE55A84A30397E328353DE","True"
"Content\Scripts\WeaponData_FogEmitter.lua","4781FFF99964D17A6EEA859B0F57461AD6B62F6A0168A7F444F12E110739D02E","4781FFF99964D17A6EEA859B0F57461AD6B62F6A0168A7F444F12E110739D02E","True"
"Content\Scripts\WeaponData_Guard.lua","F6D354B12D616EE321EC0BC5D79B1E943BA1B671C2D6E387127F3E86E6A1AF52","F6D354B12D616EE321EC0BC5D79B1E943BA1B671C2D6E387127F3E86E6A1AF52","True"
"Content\Scripts\WeaponData_Harpy.lua","55CA32D8B59DECA111CB2B9FC3A716D13A1C6B0840BC209E13768270B120C3AA","55CA32D8B59DECA111CB2B9FC3A716D13A1C6B0840BC209E13768270B120C3AA","True"
"Content\Scripts\WeaponData_Hecate.lua","C12762AD8A736855CD92FDFD6A7932EBE559E75B82CA98803951A4B86B291C35","C12762AD8A736855CD92FDFD6A7932EBE559E75B82CA98803951A4B86B291C35","True"
"Content\Scripts\WeaponData_InfestedCerberus.lua","3ADC76DAB97BF3EFD410A6F28C2A903A656A71B093F345D4A69B1AC868CA7E62","3ADC76DAB97BF3EFD410A6F28C2A903A656A71B093F345D4A69B1AC868CA7E62","True"
"Content\Scripts\WeaponData_Lamia.lua","C4E631642DEECAC0FE3F6F0EE6894FFB33C9D8714A0976DC2B00BC88F85F19EA","C4E631642DEECAC0FE3F6F0EE6894FFB33C9D8714A0976DC2B00BC88F85F19EA","True"
"Content\Scripts\WeaponData_LightRanged.lua","94CD76E5BF4754C7AD5BC97369888F991230381A9AF5595EA5004ACECFC8F1F8","94CD76E5BF4754C7AD5BC97369888F991230381A9AF5595EA5004ACECFC8F1F8","True"
"Content\Scripts\WeaponData_Lob.lua","BA4C310FD4163AF52C697BFB9C03370CC8AB7D5C32A815233BBDD4A425435FD8","BA4C310FD4163AF52C697BFB9C03370CC8AB7D5C32A815233BBDD4A425435FD8","True"
"Content\Scripts\WeaponData_Lovesick.lua","3A8FFD9ADBCCDEAEEC73AACA05F2CE9D55003DA5D4370207ABDEA3D6D3B0B5A8","3A8FFD9ADBCCDEAEEC73AACA05F2CE9D55003DA5D4370207ABDEA3D6D3B0B5A8","True"
"Content\Scripts\WeaponData_Lycan.lua","A2208136B180DA2D4DDB89E83FBC241682D81CC005D751093A6CC8B86082BAEF","A2208136B180DA2D4DDB89E83FBC241682D81CC005D751093A6CC8B86082BAEF","True"
"Content\Scripts\WeaponData_Mage.lua","B20DBB6158CC5782CD23784FD42D5CCD5F45C85910324D5887FB1076C2385998","B20DBB6158CC5782CD23784FD42D5CCD5F45C85910324D5887FB1076C2385998","True"
"Content\Scripts\WeaponData_Medea.lua","DEF49A3EFE23D9B02E1DEEA7BB1CB692373BE981D6DC4CA53FDA4CA6DC49FC2B","DEF49A3EFE23D9B02E1DEEA7BB1CB692373BE981D6DC4CA53FDA4CA6DC49FC2B","True"
"Content\Scripts\WeaponData_Mourner.lua","FA37503C4528CBEBAC98625D0195CC60C943F66AA046B8093A37D95036050BE2","FA37503C4528CBEBAC98625D0195CC60C943F66AA046B8093A37D95036050BE2","True"
"Content\Scripts\WeaponData_Mudman.lua","2AA9AD6F7F41E1654D31CEB53DFF0BB957A2F3E09F68F518D22E4DA5C2FAB14E","2AA9AD6F7F41E1654D31CEB53DFF0BB957A2F3E09F68F518D22E4DA5C2FAB14E","True"
"Content\Scripts\WeaponData_Polyphemus.lua","D0566C4946F69282ABE9C1DE6980D9F33ACDB9052B48D754922ECD3C4C2E5719","D0566C4946F69282ABE9C1DE6980D9F33ACDB9052B48D754922ECD3C4C2E5719","True"
"Content\Scripts\WeaponData_Prometheus.lua","91E7923DD3B3F31FC55BD1750B936C27FB95579F7E27A3ED299FEC00F9FB6967","91E7923DD3B3F31FC55BD1750B936C27FB95579F7E27A3ED299FEC00F9FB6967","True"
"Content\Scripts\WeaponData_Radiator.lua","3F82A283740DC39C369B7CA1645CEB26AA4506F7AC22C7C66C818B761E49486E","3F82A283740DC39C369B7CA1645CEB26AA4506F7AC22C7C66C818B761E49486E","True"
"Content\Scripts\WeaponData_Satyr.lua","43FD2F5838D9A5E80F845C7EAE7DD123244E9582EBB238C3E163EA59E15330A2","43FD2F5838D9A5E80F845C7EAE7DD123244E9582EBB238C3E163EA59E15330A2","True"
"Content\Scripts\WeaponData_Scimiterror.lua","90FBF65B100E2E692F3271E7EDE962A8D8343B3686EA06C638CE2FDF650C70EA","90FBF65B100E2E692F3271E7EDE962A8D8343B3686EA06C638CE2FDF650C70EA","True"
"Content\Scripts\WeaponData_Screamer.lua","0BB7E409D3E9F8398957F1DB8BCD49583191B097FAE027C0F85F226DD578FE6C","0BB7E409D3E9F8398957F1DB8BCD49583191B097FAE027C0F85F226DD578FE6C","True"
"Content\Scripts\WeaponData_Scylla.lua","F4B204DF0E98A7C9BF47C9222D4466AAB6742E0A22607B1E40CF78990DEA1611","F4B204DF0E98A7C9BF47C9222D4466AAB6742E0A22607B1E40CF78990DEA1611","True"
"Content\Scripts\WeaponData_Sheep.lua","00F27938A88D0ED051522889D1AFB2A373C29B36AB2A5BD2738F2BE8D92EFD22","00F27938A88D0ED051522889D1AFB2A373C29B36AB2A5BD2738F2BE8D92EFD22","True"
"Content\Scripts\WeaponData_SiegeVines.lua","E92DDE6DC9E1AB5F31962C278EDB1D2B0DDC9B63743D4DE577220399484A3CBB","E92DDE6DC9E1AB5F31962C278EDB1D2B0DDC9B63743D4DE577220399484A3CBB","True"
"Content\Scripts\WeaponData_Siren.lua","6907B6C791749D51E8653123E4BCA2D65662C1F51707D18FB76514EA45AD8975","6907B6C791749D51E8653123E4BCA2D65662C1F51707D18FB76514EA45AD8975","True"
"Content\Scripts\WeaponData_Staff.lua","466DD5F6C24085928F4B4DD51F273F9D6FADFD702BA6A324EDD287E0BB4397D3","466DD5F6C24085928F4B4DD51F273F9D6FADFD702BA6A324EDD287E0BB4397D3","True"
"Content\Scripts\WeaponData_Stickler.lua","504D7281796D62682BE426FDB28CD5E1298EEE875896AE6EBF5AA94077C3E8A2","504D7281796D62682BE426FDB28CD5E1298EEE875896AE6EBF5AA94077C3E8A2","True"
"Content\Scripts\WeaponData_Suit.lua","DAAE396ABE0B017F18A8A21FA69009FB63CE2BE33F14A0E2EEC7921A8278CE44","DAAE396ABE0B017F18A8A21FA69009FB63CE2BE33F14A0E2EEC7921A8278CE44","True"
"Content\Scripts\WeaponData_Swab.lua","90D8621A7938BA64FD1D6A8E9BF7CB74843819AAF77D4286FDFF5ED2CC661069","90D8621A7938BA64FD1D6A8E9BF7CB74843819AAF77D4286FDFF5ED2CC661069","True"
"Content\Scripts\WeaponData_Swarmer.lua","F8FC53A298094EB637EE80D08119B8AFAD664E2B6C05E3F5AF4D5CAD6F3AA667","F8FC53A298094EB637EE80D08119B8AFAD664E2B6C05E3F5AF4D5CAD6F3AA667","True"
"Content\Scripts\WeaponData_Talos.lua","577A3709E5371A4EF3E4D2580EF930D23AB35FE729ED54CC56EEE02FD67783BB","577A3709E5371A4EF3E4D2580EF930D23AB35FE729ED54CC56EEE02FD67783BB","True"
"Content\Scripts\WeaponData_Thug.lua","F54BF3680D6D3FC462B2BD1DBD9E0A74615073ED39147EA02EA6187FA8E49430","F54BF3680D6D3FC462B2BD1DBD9E0A74615073ED39147EA02EA6187FA8E49430","True"
"Content\Scripts\WeaponData_Torch.lua","D4FE27882CC8A5627E68241EBBEE9D70007FA1200BD96A75D584610E01C5DD8A","D4FE27882CC8A5627E68241EBBEE9D70007FA1200BD96A75D584610E01C5DD8A","True"
"Content\Scripts\WeaponData_Traps.lua","BC4BFEF2D579497491C32E8330A1113965531C9D41CA15D87B3C79088936E026","BC4BFEF2D579497491C32E8330A1113965531C9D41CA15D87B3C79088936E026","True"
"Content\Scripts\WeaponData_Treant.lua","2D41F4FCDDD2B4398C3A31CE8753E402501BA38D3B7E5E59FBF3749DB8DA9910","2D41F4FCDDD2B4398C3A31CE8753E402501BA38D3B7E5E59FBF3749DB8DA9910","True"
"Content\Scripts\WeaponData_Turtle.lua","0E930875201655FCC8DCB1D215C608D62EC3DEA7BD3A92583CD3129507A67D26","0E930875201655FCC8DCB1D215C608D62EC3DEA7BD3A92583CD3129507A67D26","True"
"Content\Scripts\WeaponData_Vampire.lua","66946D9EEBD455DA44502FA7D03E0015EBB55118FE4ACA306BA246FADDEF35EF","66946D9EEBD455DA44502FA7D03E0015EBB55118FE4ACA306BA246FADDEF35EF","True"
"Content\Scripts\WeaponData_WaterElemental.lua","1E1029D32A9711FDB4A1DCAD14B0B948F3DB25E77533EE0B5E39908AFFA6B662","1E1029D32A9711FDB4A1DCAD14B0B948F3DB25E77533EE0B5E39908AFFA6B662","True"
"Content\Scripts\WeaponData_WaterUnit.lua","15BF71995B88A60282DFB7F21A917F6E29B3085AB35FE9F4CC3F35C85549F963","15BF71995B88A60282DFB7F21A917F6E29B3085AB35FE9F4CC3F35C85549F963","True"
"Content\Scripts\WeaponData_Zagreus.lua","8FE9C701B219A08BF729BD43CE4F5F585C0269CB074DBF6F00D2DD72C7F76E17","8FE9C701B219A08BF729BD43CE4F5F585C0269CB074DBF6F00D2DD72C7F76E17","True"
"Content\Scripts\WeaponData_Zombie.lua","C8B14FDEE7E6449D8B10AE62624ACF1F4A6C6C2647AD8D1724E8A8887A5AFC2A","C8B14FDEE7E6449D8B10AE62624ACF1F4A6C6C2647AD8D1724E8A8887A5AFC2A","True"
"Content\Scripts\WeaponData.lua","93682CBADAA362648A5961EF3776670E48166A7AF8B9D54277D46DADE0AD3B72","93682CBADAA362648A5961EF3776670E48166A7AF8B9D54277D46DADE0AD3B72","True"
"Content\Scripts\WeaponDataAllies.lua","6FB9DACF96DBF7505957A15881D29209DC52CE4F82825CA2EAA13DF9081AB089","6FB9DACF96DBF7505957A15881D29209DC52CE4F82825CA2EAA13DF9081AB089","True"
"Content\Scripts\WeaponDataEnemies.lua","77CB3C035532AC11205A540D04FA33A5E4DC749F937F3C77C804595980CE5224","77CB3C035532AC11205A540D04FA33A5E4DC749F937F3C77C804595980CE5224","True"
"Content\Scripts\WeaponLogic.lua","63921ED2C03E169B461B793A553524AF1804385C54F783E9A4BFB6EBEDFBE6F7","63921ED2C03E169B461B793A553524AF1804385C54F783E9A4BFB6EBEDFBE6F7","True"
"Content\Scripts\WeaponPresentation.lua","4A296415829B473CF216EC1B102B3943635304CB0295E307FE40FC0D09D1D7AF","4A296415829B473CF216EC1B102B3943635304CB0295E307FE40FC0D09D1D7AF","True"
"Content\Scripts\WeaponSets.lua","F468F32D062ADB5E1091A9BE1845BF4FF013D870D90C3EE81277EF4466CB4E83","F468F32D062ADB5E1091A9BE1845BF4FF013D870D90C3EE81277EF4466CB4E83","True"
"Content\Scripts\WeaponShopData.lua","D7E7F8EEC088DA86962E8355EB514C4E83188CF1A6FE849C4AD3236A24298E46","D7E7F8EEC088DA86962E8355EB514C4E83188CF1A6FE849C4AD3236A24298E46","True"
"Content\Scripts\WeaponShopLogic.lua","3A0B47260E29E8F10FD3ABE6B683047687448081DADD704A8CA5A9495BD6C9A9","3A0B47260E29E8F10FD3ABE6B683047687448081DADD704A8CA5A9495BD6C9A9","True"
"Content\Scripts\WeaponShopPresentation.lua","02A11BB6ED46E013ACBA6F755AB5ED7417B29F1580B8ACEC2E691F548C0225D1","02A11BB6ED46E013ACBA6F755AB5ED7417B29F1580B8ACEC2E691F548C0225D1","True"
"Content\Scripts\WeaponUpgradeData.lua","A9B87221EF8F56CC4166E62837A431DC050ED368D79C23C8EBB3F35E40C2BDD9","A9B87221EF8F56CC4166E62837A431DC050ED368D79C23C8EBB3F35E40C2BDD9","True"
"Content\Scripts\WeaponUpgradeLogic.lua","023271AAB24F3F12DD76F5CCBECE3175BE7AE9E22FD72C07C4E38D4AAAF1F8D9","023271AAB24F3F12DD76F5CCBECE3175BE7AE9E22FD72C07C4E38D4AAAF1F8D9","True"
"Content\Scripts\WorldUpgradeData.lua","00E93986BEEF84C44E9651E34C8516856418A52A2356CA56710D5BA44FAC39D8","00E93986BEEF84C44E9651E34C8516856418A52A2356CA56710D5BA44FAC39D8","True"
